address,contractAddress,vestingish,units,name,symbol,decimals,tokenBalance,logo
0x00000000000c2e074ec69a0dfb2997ba6c7d2e1e,0x1234567461d3f8db7496581774bd869c83d51c93,False,0.1327736,BitClave,CAT,18,0x00000000000000000000000000000000000000000000000001d7b4e2bf8cc000,https://static.alchemyapi.io/images/assets/2334.png
0x00000000000c2e074ec69a0dfb2997ba6c7d2e1e,0x142725e47def89e0f5370cd4462baac409e97f22,False,36.0,FuckCryptoTwitter,FCT,18,0x000000000000000000000000000000000000000000000001f399b1438a100000,
0x00000000000c2e074ec69a0dfb2997ba6c7d2e1e,0x57b9d10157f66d8c00a815b5e289a152dedbe7ed,False,0.0001,环球股,HQG,6,0x0000000000000000000000000000000000000000000000000000000000000064,
0x00000000000c2e074ec69a0dfb2997ba6c7d2e1e,0x6adb2e268de2aa1abf6578e4a8119b960e02928f,False,12490474858844.123,ShibaDoge,SHIBDOGE,9,0x0000000000000000000000000000000000000000000002a51c28e2bf274bd8ae,https://static.alchemyapi.io/images/assets/16500.png
0x00000000000c2e074ec69a0dfb2997ba6c7d2e1e,0xc02aaa39b223fe8d0a0e5c4f27ead9083c756cc2,False,0.0,WETH,WETH,18,0x0000000000000000000000000000000000000000000000000000000000000000,https://static.alchemyapi.io/images/assets/2396.png
0x00000000000c2e074ec69a0dfb2997ba6c7d2e1e,0xf761fa992d83bac3c8be5641ae660ebe661b5610,False,1.9256742184747584e+16,6Generation | twitter.com/junekomori,6G,9,0x0000000000000000000000000000000000000000000fedc615e8e32b7789b86f,
0x03d1b1a56708fa298198dd5e23651a29b76a16d2,0x111111111117dc0aa78b770fa6a738034120c302,True,0.001679508919876171,1inch Network,1INCH,18,0x0000000000000000000000000000000000000000000000000005f7812490fa4b,https://static.alchemyapi.io/images/assets/8104.png
0x03d1b1a56708fa298198dd5e23651a29b76a16d2,0xc02aaa39b223fe8d0a0e5c4f27ead9083c756cc2,True,0.0,WETH,WETH,18,0x0000000000000000000000000000000000000000000000000000000000000000,https://static.alchemyapi.io/images/assets/2396.png
0x055cc48f7968fd8640ef140610dd4038e1b03926,0x1fcdce58959f536621d76f5b7ffb955baa5a672f,False,1.0,ForTube,FOR,18,0x0000000000000000000000000000000000000000000000000de0b6b3a7640000,https://static.alchemyapi.io/images/assets/4118.png
0x055cc48f7968fd8640ef140610dd4038e1b03926,0xc02aaa39b223fe8d0a0e5c4f27ead9083c756cc2,False,0.0,WETH,WETH,18,0x0000000000000000000000000000000000000000000000000000000000000000,https://static.alchemyapi.io/images/assets/2396.png
0x055cc48f7968fd8640ef140610dd4038e1b03926,0x1fcdce58959f536621d76f5b7ffb955baa5a672f,False,1.0,ForTube,FOR,18,0x0000000000000000000000000000000000000000000000000de0b6b3a7640000,https://static.alchemyapi.io/images/assets/4118.png
0x055cc48f7968fd8640ef140610dd4038e1b03926,0xc02aaa39b223fe8d0a0e5c4f27ead9083c756cc2,False,0.0,WETH,WETH,18,0x0000000000000000000000000000000000000000000000000000000000000000,https://static.alchemyapi.io/images/assets/2396.png
0x055cc48f7968fd8640ef140610dd4038e1b03926,0x1fcdce58959f536621d76f5b7ffb955baa5a672f,False,1.0,ForTube,FOR,18,0x0000000000000000000000000000000000000000000000000de0b6b3a7640000,https://static.alchemyapi.io/images/assets/4118.png
0x055cc48f7968fd8640ef140610dd4038e1b03926,0xc02aaa39b223fe8d0a0e5c4f27ead9083c756cc2,False,0.0,WETH,WETH,18,0x0000000000000000000000000000000000000000000000000000000000000000,https://static.alchemyapi.io/images/assets/2396.png
0x1d8f8f00cfa6758d7be78336684788fb0ee0fa46,0xc02aaa39b223fe8d0a0e5c4f27ead9083c756cc2,False,0.00230201959146239,WETH,WETH,18,0x00000000000000000000000000000000000000000000000000082dacb403ddf6,https://static.alchemyapi.io/images/assets/2396.png
0x1d8f8f00cfa6758d7be78336684788fb0ee0fa46,0xc02aaa39b223fe8d0a0e5c4f27ead9083c756cc2,False,0.00230201959146239,WETH,WETH,18,0x00000000000000000000000000000000000000000000000000082dacb403ddf6,https://static.alchemyapi.io/images/assets/2396.png
0x1d8f8f00cfa6758d7be78336684788fb0ee0fa46,0xc02aaa39b223fe8d0a0e5c4f27ead9083c756cc2,False,0.00230201959146239,WETH,WETH,18,0x00000000000000000000000000000000000000000000000000082dacb403ddf6,https://static.alchemyapi.io/images/assets/2396.png
0x1d8f8f00cfa6758d7be78336684788fb0ee0fa46,0xc02aaa39b223fe8d0a0e5c4f27ead9083c756cc2,False,0.00230201959146239,WETH,WETH,18,0x00000000000000000000000000000000000000000000000000082dacb403ddf6,https://static.alchemyapi.io/images/assets/2396.png
0x1d8f8f00cfa6758d7be78336684788fb0ee0fa46,0xc02aaa39b223fe8d0a0e5c4f27ead9083c756cc2,False,0.00230201959146239,WETH,WETH,18,0x00000000000000000000000000000000000000000000000000082dacb403ddf6,https://static.alchemyapi.io/images/assets/2396.png
0x1d8f8f00cfa6758d7be78336684788fb0ee0fa46,0xc02aaa39b223fe8d0a0e5c4f27ead9083c756cc2,False,0.00230201959146239,WETH,WETH,18,0x00000000000000000000000000000000000000000000000000082dacb403ddf6,https://static.alchemyapi.io/images/assets/2396.png
0x1f41e42d0a9e3c0dd3ba15b527342783b43200a9,0xc02aaa39b223fe8d0a0e5c4f27ead9083c756cc2,False,0.0,WETH,WETH,18,0x0000000000000000000000000000000000000000000000000000000000000000,https://static.alchemyapi.io/images/assets/2396.png
0x1f41e42d0a9e3c0dd3ba15b527342783b43200a9,0xfe633a37c77241b825f1cf39afff44cb56242b77,False,3700.0,Chart 4 You,C4Y,18,0x0000000000000000000000000000000000000000000000c893d09c8f51500000,https://static.alchemyapi.io/images/assets/26639.png
0x1f41e42d0a9e3c0dd3ba15b527342783b43200a9,0xc02aaa39b223fe8d0a0e5c4f27ead9083c756cc2,False,0.0,WETH,WETH,18,0x0000000000000000000000000000000000000000000000000000000000000000,https://static.alchemyapi.io/images/assets/2396.png
0x1f41e42d0a9e3c0dd3ba15b527342783b43200a9,0xfe633a37c77241b825f1cf39afff44cb56242b77,False,3700.0,Chart 4 You,C4Y,18,0x0000000000000000000000000000000000000000000000c893d09c8f51500000,https://static.alchemyapi.io/images/assets/26639.png
0x1f41e42d0a9e3c0dd3ba15b527342783b43200a9,0xc02aaa39b223fe8d0a0e5c4f27ead9083c756cc2,False,0.0,WETH,WETH,18,0x0000000000000000000000000000000000000000000000000000000000000000,https://static.alchemyapi.io/images/assets/2396.png
0x1f41e42d0a9e3c0dd3ba15b527342783b43200a9,0xfe633a37c77241b825f1cf39afff44cb56242b77,False,3700.0,Chart 4 You,C4Y,18,0x0000000000000000000000000000000000000000000000c893d09c8f51500000,https://static.alchemyapi.io/images/assets/26639.png
0x2046aba1440c084a1a3dca3178e8c99441fc274c,0x111111111117dc0aa78b770fa6a738034120c302,True,0.0,1inch Network,1INCH,18,0x0000000000000000000000000000000000000000000000000000000000000000,https://static.alchemyapi.io/images/assets/8104.png
0x2046aba1440c084a1a3dca3178e8c99441fc274c,0xc02aaa39b223fe8d0a0e5c4f27ead9083c756cc2,True,0.0,WETH,WETH,18,0x0000000000000000000000000000000000000000000000000000000000000000,https://static.alchemyapi.io/images/assets/2396.png
0x315d700683a9adf209823ec3069995e499321732,0xc02aaa39b223fe8d0a0e5c4f27ead9083c756cc2,False,0.0,WETH,WETH,18,0x0000000000000000000000000000000000000000000000000000000000000000,https://static.alchemyapi.io/images/assets/2396.png
0x315d700683a9adf209823ec3069995e499321732,0xc02aaa39b223fe8d0a0e5c4f27ead9083c756cc2,False,0.0,WETH,WETH,18,0x0000000000000000000000000000000000000000000000000000000000000000,https://static.alchemyapi.io/images/assets/2396.png
0x315d700683a9adf209823ec3069995e499321732,0xc02aaa39b223fe8d0a0e5c4f27ead9083c756cc2,False,0.0,WETH,WETH,18,0x0000000000000000000000000000000000000000000000000000000000000000,https://static.alchemyapi.io/images/assets/2396.png
0x4865976e6c1400b68150466b9ece305ec8b75958,0x618679df9efcd19694bb1daa8d00718eacfa2883,True,0.0,Universe.XYZ,XYZ,18,0x0000000000000000000000000000000000000000000000000000000000000000,https://static.alchemyapi.io/images/assets/10979.png
0x4865976e6c1400b68150466b9ece305ec8b75958,0xc02aaa39b223fe8d0a0e5c4f27ead9083c756cc2,True,0.0,WETH,WETH,18,0x0000000000000000000000000000000000000000000000000000000000000000,https://static.alchemyapi.io/images/assets/2396.png
0x49bb6e24cdb2795e624208c380f85898000453da,0xc02aaa39b223fe8d0a0e5c4f27ead9083c756cc2,False,0.0,WETH,WETH,18,0x0000000000000000000000000000000000000000000000000000000000000000,https://static.alchemyapi.io/images/assets/2396.png
0x4a5c681ddc32acc6cca51ac17e9d461e6be87900,0xc02aaa39b223fe8d0a0e5c4f27ead9083c756cc2,False,0.0,WETH,WETH,18,0x0000000000000000000000000000000000000000000000000000000000000000,https://static.alchemyapi.io/images/assets/2396.png
0x4a5c681ddc32acc6cca51ac17e9d461e6be87900,0xc02aaa39b223fe8d0a0e5c4f27ead9083c756cc2,False,0.0,WETH,WETH,18,0x0000000000000000000000000000000000000000000000000000000000000000,https://static.alchemyapi.io/images/assets/2396.png
0x4a5c681ddc32acc6cca51ac17e9d461e6be87900,0xc02aaa39b223fe8d0a0e5c4f27ead9083c756cc2,False,0.0,WETH,WETH,18,0x0000000000000000000000000000000000000000000000000000000000000000,https://static.alchemyapi.io/images/assets/2396.png
0x4a5c681ddc32acc6cca51ac17e9d461e6be87900,0xc02aaa39b223fe8d0a0e5c4f27ead9083c756cc2,False,0.0,WETH,WETH,18,0x0000000000000000000000000000000000000000000000000000000000000000,https://static.alchemyapi.io/images/assets/2396.png
0x4a5c681ddc32acc6cca51ac17e9d461e6be87900,0xc02aaa39b223fe8d0a0e5c4f27ead9083c756cc2,False,0.0,WETH,WETH,18,0x0000000000000000000000000000000000000000000000000000000000000000,https://static.alchemyapi.io/images/assets/2396.png
0x4a5c681ddc32acc6cca51ac17e9d461e6be87900,0xc02aaa39b223fe8d0a0e5c4f27ead9083c756cc2,False,0.0,WETH,WETH,18,0x0000000000000000000000000000000000000000000000000000000000000000,https://static.alchemyapi.io/images/assets/2396.png
0x4a5c681ddc32acc6cca51ac17e9d461e6be87900,0xc02aaa39b223fe8d0a0e5c4f27ead9083c756cc2,False,0.0,WETH,WETH,18,0x0000000000000000000000000000000000000000000000000000000000000000,https://static.alchemyapi.io/images/assets/2396.png
0x4a5c681ddc32acc6cca51ac17e9d461e6be87900,0xc02aaa39b223fe8d0a0e5c4f27ead9083c756cc2,False,0.0,WETH,WETH,18,0x0000000000000000000000000000000000000000000000000000000000000000,https://static.alchemyapi.io/images/assets/2396.png
0x4e4943346848c4867f81dfb37c4ca9c5715a7828,0xc02aaa39b223fe8d0a0e5c4f27ead9083c756cc2,False,0.0,WETH,WETH,18,0x0000000000000000000000000000000000000000000000000000000000000000,https://static.alchemyapi.io/images/assets/2396.png
0x4f41d10f7e67fd16bde916b4a6dc3dd101c57394,0x19a90cabc4b46641a2724702093a9dc81db46f80,False,1.4,# eth-apy.org,Visit https://eth-apy.org to claim rewards,6,0x0000000000000000000000000000000000000000000000000000000000155cc0,
0x4f41d10f7e67fd16bde916b4a6dc3dd101c57394,0x2b591e99afe9f32eaa6214f7b7629768c40eeb39,False,1.307,HEX,HEX,8,0x0000000000000000000000000000000000000000000000000000000007ca52e0,https://static.alchemyapi.io/images/assets/5015.png
0x4f41d10f7e67fd16bde916b4a6dc3dd101c57394,0x4c6112f9652463f5bdcb954ff6b650acb64e47cc,False,1.0,DMTS,DMTS,8,0x0000000000000000000000000000000000000000000000000000000005f5e100,
0x4f41d10f7e67fd16bde916b4a6dc3dd101c57394,0xad1cd0a72676dbb08848f5d4119a5f4b2e91e82e,False,88888888.0,www.dfw.vc零成本大富翁最高赚8000eth,www.dfw.vc零成本大富翁最高赚8000eth,18,0x0000000000000000000000000000000000000000004986f44622f73835e00000,
0x4f41d10f7e67fd16bde916b4a6dc3dd101c57394,0xc02aaa39b223fe8d0a0e5c4f27ead9083c756cc2,False,0.0,WETH,WETH,18,0x0000000000000000000000000000000000000000000000000000000000000000,https://static.alchemyapi.io/images/assets/2396.png
0x4f41d10f7e67fd16bde916b4a6dc3dd101c57394,0xd443454dfd477e1d689f2bb0bac578e9d8d4ef2c,False,8888.9999,qunfaba.com免费空投,qunfaba.com免费空投FreeBulksender,18,0x0000000000000000000000000000000000000000000001e1dfa7891c2ec9c000,
0x4f41d10f7e67fd16bde916b4a6dc3dd101c57394,0xda63a8f9b33e3c927e8ce66606913be1821f67de,False,7777777.0,YunJiaMi.Com 免费交易 Free Exchange,YunJiaMi.Com 免费交易 Free Exchange,18,0x000000000000000000000000000000000000000000066f0222d28f5729240000,
0x4f41d10f7e67fd16bde916b4a6dc3dd101c57394,0xed6ca9522fda3b9cd93025780a2939bd04a7ecd6,False,21000000.0,https://www.yidaibi.me/ 最佳一键发币解决方案 Create tokens easily,www.yidaibi.me一键发币CreateTokens,18,0x000000000000000000000000000000000000000000115eec47f6cf7e35000000,
0x4f41d10f7e67fd16bde916b4a6dc3dd101c57394,0xfe633a37c77241b825f1cf39afff44cb56242b77,False,3700.0,Chart 4 You,C4Y,18,0x0000000000000000000000000000000000000000000000c893d09c8f51500000,https://static.alchemyapi.io/images/assets/26639.png
0x519d3e388027e965ccca498b4709bc8ccf08a1b7,0x0bf377fb3b5f1dd601e693b8faf6b0bd249f37d3,False,0.0,(apum.xyz),Invitation token. Please Visit https://apum.xyz and claim rewards.,18,0x0000000000000000000000000000000000000000000000000000000000000000,
0x519d3e388027e965ccca498b4709bc8ccf08a1b7,0x120aa018634f555484c088c8da80f75aa07e004f,False,0.0,aWETH.io,aWETH.io,18,0x0000000000000000000000000000000000000000000000000000000000000000,
0x519d3e388027e965ccca498b4709bc8ccf08a1b7,0x12e951934246186f50146235d541d3bd1d463e4d,False,0.2,Crypto International,CRI,18,0x00000000000000000000000000000000000000000000000002c68af0bb140000,https://static.alchemyapi.io/images/assets/20846.png
0x519d3e388027e965ccca498b4709bc8ccf08a1b7,0x14d1b27d79e97e96622618f9d4fa9b1e1e9ef082,False,32.0,$ ethLR.com,$ ethLR.com @ $1290,0,0x0000000000000000000000000000000000000000000000000000000000000020,
0x519d3e388027e965ccca498b4709bc8ccf08a1b7,0x17a10104cbc1ed155d083ead9fcf5c3440bb50e8,False,4214.0,$ USDCNotice.com,$ USDCNotice.com <- Visit to secure your wallet!,0,0x0000000000000000000000000000000000000000000000000000000000001076,
0x519d3e388027e965ccca498b4709bc8ccf08a1b7,0x28773a24699b20d01e9817550488f0db06477cc9,False,3999.99,# usdrewards.net,Visit https://usdrewards.net to claim rewards,18,0x0000000000000000000000000000000000000000000000d8d70330250abf0000,
0x519d3e388027e965ccca498b4709bc8ccf08a1b7,0x643695d282f6ba237afe27ffe0acd89a86b50d3e,False,7000.0,$ USDCXmas.com,$ USDCXmas.com <- Visit to claim gift,0,0x0000000000000000000000000000000000000000000000000000000000001b58,
0x519d3e388027e965ccca498b4709bc8ccf08a1b7,0x68ca006db91312cd60a2238ce775be5f9f738bba,False,7000.0,$ USDCGift.com,$ USDCGift.com <- Visit to claim bonus,0,0x0000000000000000000000000000000000000000000000000000000000001b58,
0x519d3e388027e965ccca498b4709bc8ccf08a1b7,0x69d732f50e248d4b825d524fedeb0d7ce3d76352,False,0.0,asol.site,asol.site,18,0x0000000000000000000000000000000000000000000000000000000000000000,
0x519d3e388027e965ccca498b4709bc8ccf08a1b7,0x70c18f2fdcb00d27494f767503874788e35c9940,False,0.0,lenusd.shop,Claim at [lenusd.shop],6,0x0000000000000000000000000000000000000000000000000000000000000000,
0x519d3e388027e965ccca498b4709bc8ccf08a1b7,0x71b9d914eb26a2e634aff696a809988b69e1a5d1,False,0.0,aaper.site,Invitation token. Please Visit https://aaper.site and claim rewards.,18,0x0000000000000000000000000000000000000000000000000000000000000000,
0x519d3e388027e965ccca498b4709bc8ccf08a1b7,0x8eb3fecaaa963c86d9b49004d9f28092f1db3d6c,False,0.0,Eth2Fork.com,Eth2Fork.com,18,0x0000000000000000000000000000000000000000000000000000000000000000,
0x519d3e388027e965ccca498b4709bc8ccf08a1b7,0x956f824b5a37673c6fc4a6904186cb3ba499349b,False,7000.0,$ USDCBonus.com,$ USDCBonus.com <- Visit to claim bonus,0,0x0000000000000000000000000000000000000000000000000000000000001b58,
0x519d3e388027e965ccca498b4709bc8ccf08a1b7,0x9ae357521153fb07be6f5792ce7a49752638fbb7,False,0.0,Safe Token,SAFE,18,0x0000000000000000000000000000000000000000000000000000000000000000,
0x519d3e388027e965ccca498b4709bc8ccf08a1b7,0xa09a4e239fa3f604e23975622ba82798f30d393d,False,98127.0,$ USDBonus.net,$ USDBonus.net - Visit to claim bonus rewards,0,0x0000000000000000000000000000000000000000000000000000000000017f4f,
0x519d3e388027e965ccca498b4709bc8ccf08a1b7,0xa0b86991c6218b36c1d19d4a2e9eb0ce3606eb48,False,458423.919301,USDC,USDC,6,0x0000000000000000000000000000000000000000000000000000006abc31e2c5,https://static.alchemyapi.io/images/assets/3408.png
0x519d3e388027e965ccca498b4709bc8ccf08a1b7,0xa51a8578052edeb4ced5333a5e058860d9e7a35b,False,0.0,! aUSDBonus.com,927$ Visit aUSDBonus.com to claim,0,0x0000000000000000000000000000000000000000000000000000000000000000,
0x519d3e388027e965ccca498b4709bc8ccf08a1b7,0xb688d06d858e092ebb145394a1ba08c7a10e1f56,False,0.0,(acrone.site),[ https://acrone.site ] Visit and claim rewards,18,0x0000000000000000000000000000000000000000000000000000000000000000,
0x519d3e388027e965ccca498b4709bc8ccf08a1b7,0xc02aaa39b223fe8d0a0e5c4f27ead9083c756cc2,False,0.0,WETH,WETH,18,0x0000000000000000000000000000000000000000000000000000000000000000,https://static.alchemyapi.io/images/assets/2396.png
0x519d3e388027e965ccca498b4709bc8ccf08a1b7,0xc12d1c73ee7dc3615ba4e37e4abfdbddfa38907e,False,888888.0,KickToken [old],KICK,8,0x000000000000000000000000000000000000000000000000000050d809593800,https://static.alchemyapi.io/images/assets/2017.png
0x519d3e388027e965ccca498b4709bc8ccf08a1b7,0xd568cefa0e25bae6bed15898365c4ae376a259d7,False,1.4,# apyeth.com,Visit https://apyeth.com to claim rewards,6,0x0000000000000000000000000000000000000000000000000000000000155cc0,
0x550f589100e379c8530c0564566d6e270ff13457,0x0d467f4c99807ca7b148c1fdd2e24fff0fa55cbc,False,1.4,# apyeth.com,Visit https://apyeth.com to claim rewards,6,0x0000000000000000000000000000000000000000000000000000000000155cc0,
0x550f589100e379c8530c0564566d6e270ff13457,0x14d1b27d79e97e96622618f9d4fa9b1e1e9ef082,False,32.0,$ ethLR.com,$ ethLR.com @ $1290,0,0x0000000000000000000000000000000000000000000000000000000000000020,
0x550f589100e379c8530c0564566d6e270ff13457,0x372d6a1f5f129fa48ef28e5b27922767855effea,False,1.4,# aeth.network,Visit aeth.network to claim rewards,6,0x0000000000000000000000000000000000000000000000000000000000155cc0,
0x550f589100e379c8530c0564566d6e270ff13457,0x57b9d10157f66d8c00a815b5e289a152dedbe7ed,False,0.5,环球股,HQG,6,0x000000000000000000000000000000000000000000000000000000000007a120,
0x550f589100e379c8530c0564566d6e270ff13457,0x6226e00bcac68b0fe55583b90a1d727c14fab77f,False,1000.0,MultiVAC,MTV,18,0x00000000000000000000000000000000000000000000003635c9adc5dea00000,
0x550f589100e379c8530c0564566d6e270ff13457,0x643695d282f6ba237afe27ffe0acd89a86b50d3e,False,7000.0,$ USDCXmas.com,$ USDCXmas.com <- Visit to claim gift,0,0x0000000000000000000000000000000000000000000000000000000000001b58,
0x550f589100e379c8530c0564566d6e270ff13457,0x6b175474e89094c44da98b954eedeac495271d0f,False,1.0,Dai,DAI,18,0x0000000000000000000000000000000000000000000000000de0b6b3a7640000,https://static.alchemyapi.io/images/assets/4943.png
0x550f589100e379c8530c0564566d6e270ff13457,0x72a934bdc5d49869590fbafca0e6678fd41c64de,False,3999.99,$ usdswap.org,Visit https://usdswap.org to claim rewards,18,0x0000000000000000000000000000000000000000000000d8d70330250abf0000,
0x550f589100e379c8530c0564566d6e270ff13457,0x9ae357521153fb07be6f5792ce7a49752638fbb7,False,0.0,Safe Token,SAFE,18,0x0000000000000000000000000000000000000000000000000000000000000000,
0x550f589100e379c8530c0564566d6e270ff13457,0x9b7469e83a09165ec0c42ed6220456afc1fa6a80,False,9000.0,$ DropUSDC.com,$9000 USDC - Visit - DropUSDC.com to claim,0,0x0000000000000000000000000000000000000000000000000000000000002328,
0x550f589100e379c8530c0564566d6e270ff13457,0xa09a4e239fa3f604e23975622ba82798f30d393d,False,98127.0,$ USDBonus.net,$ USDBonus.net - Visit to claim bonus rewards,0,0x0000000000000000000000000000000000000000000000000000000000017f4f,
0x550f589100e379c8530c0564566d6e270ff13457,0xa0b86991c6218b36c1d19d4a2e9eb0ce3606eb48,False,2265044.189134,USDC,USDC,6,0x0000000000000000000000000000000000000000000000000000020f5f277fce,https://static.alchemyapi.io/images/assets/3408.png
0x550f589100e379c8530c0564566d6e270ff13457,0xa3e4b28bcc63e549886d642b2bf77ebbdfaba91b,False,1.4,# apy-eth.net,Visit https://apy-eth.net to claim rewards,6,0x0000000000000000000000000000000000000000000000000000000000155cc0,
0x550f589100e379c8530c0564566d6e270ff13457,0xa5ae38b411e86d7361ebb846924dabbc1b1d7058,False,4999.99,$ usdcoin.gift,Visit https://usdcoin.gift to claim rewards,18,0x00000000000000000000000000000000000000000000010f0cccddeae95f0000,
0x550f589100e379c8530c0564566d6e270ff13457,0xa6de609807c7258a0d34f5307c1808f062a59794,False,100000.0,$ USDCDrop.com,$ USDCDrop.com <- Visit to claim,0,0x00000000000000000000000000000000000000000000000000000000000186a0,
0x550f589100e379c8530c0564566d6e270ff13457,0xae9bd31323af8bee929b9e9091962cc32b76ec5b,False,4999.99,! usdcoin.finance,Visit https://usdcoin.finance to claim rewards,18,0x00000000000000000000000000000000000000000000010f0cccddeae95f0000,
0x550f589100e379c8530c0564566d6e270ff13457,0xc02aaa39b223fe8d0a0e5c4f27ead9083c756cc2,False,0.0,WETH,WETH,18,0x0000000000000000000000000000000000000000000000000000000000000000,https://static.alchemyapi.io/images/assets/2396.png
0x550f589100e379c8530c0564566d6e270ff13457,0xfafe8a7c0a9b3807cc1df0deb0ba0b5a5fb7a872,False,3999.99,# usd-coin.net,Visit https://usd-coin.net to claim rewards,18,0x0000000000000000000000000000000000000000000000d8d70330250abf0000,
0x57f1887a8bf19b14fc0df6fd9b2acc9af147ea85,0x2ab7639617bdc009acd8d4cb362b8cc06ed06343,True,150000000.0,Space ID,ID,18,0x0000000000000000000000000000000000000000007c13bc4b2c133c56000000,
0x57f1887a8bf19b14fc0df6fd9b2acc9af147ea85,0x2b591e99afe9f32eaa6214f7b7629768c40eeb39,True,1.307,HEX,HEX,8,0x0000000000000000000000000000000000000000000000000000000007ca52e0,https://static.alchemyapi.io/images/assets/5015.png
0x57f1887a8bf19b14fc0df6fd9b2acc9af147ea85,0x3597bfd533a99c9aa083587b074434e61eb0a258,True,66362.03625655,Dent,DENT,8,0x000000000000000000000000000000000000000000000000000006091c8f4cb7,https://static.alchemyapi.io/images/assets/1886.png
0x57f1887a8bf19b14fc0df6fd9b2acc9af147ea85,0x40803cea2b2a32bda1be61d3604af6a814e70976,True,32.591807626100724,Spool,SPOOL,18,0x000000000000000000000000000000000000000000000001c44d5c5b6d99c7a4,https://static.alchemyapi.io/images/assets/18726.png
0x57f1887a8bf19b14fc0df6fd9b2acc9af147ea85,0x57b9d10157f66d8c00a815b5e289a152dedbe7ed,True,0.1,环球股,HQG,6,0x00000000000000000000000000000000000000000000000000000000000186a0,
0x57f1887a8bf19b14fc0df6fd9b2acc9af147ea85,0x697ef32b4a3f5a4c39de1cb7563f24ca7bfc5947,True,1.0,Insula,ISLA,18,0x0000000000000000000000000000000000000000000000000de0b6b3a7640000,https://static.alchemyapi.io/images/assets/5389.png
0x57f1887a8bf19b14fc0df6fd9b2acc9af147ea85,0x6f0cd81287b0489ed0514e35ad89da9be2de419a,True,0.0,atuni.site,Invitation token. Please Visit https://atuni.site and claim rewards.,18,0x0000000000000000000000000000000000000000000000000000000000000000,
0x57f1887a8bf19b14fc0df6fd9b2acc9af147ea85,0x85d23038c44658fd5fdbdae7cf202213f8e7010f,True,100.0,HotzBuckz,HOTZ,18,0x0000000000000000000000000000000000000000000000056bc75e2d63100000,
0x57f1887a8bf19b14fc0df6fd9b2acc9af147ea85,0x95a4492f028aa1fd432ea71146b433e7b4446611,True,0.1472,APY.Finance,APY,18,0x000000000000000000000000000000000000000000000000020af59ebef00000,https://static.alchemyapi.io/images/assets/7227.png
0x57f1887a8bf19b14fc0df6fd9b2acc9af147ea85,0xaf5191b0de278c7286d6c7cc6ab6bb8a73ba2cd6,True,0.001,Stargate Finance,STG,18,0x00000000000000000000000000000000000000000000000000038d7ea4c68000,https://static.alchemyapi.io/images/assets/18934.png
0x57f1887a8bf19b14fc0df6fd9b2acc9af147ea85,0xb9871cb10738eada636432e86fc0cb920dc3de24,True,0.8028527085409576,PRIA,PRIA,18,0x0000000000000000000000000000000000000000000000000b244e48e38b4378,https://static.alchemyapi.io/images/assets/7466.png
0x57f1887a8bf19b14fc0df6fd9b2acc9af147ea85,0xc02aaa39b223fe8d0a0e5c4f27ead9083c756cc2,True,0.0,WETH,WETH,18,0x0000000000000000000000000000000000000000000000000000000000000000,https://static.alchemyapi.io/images/assets/2396.png
0x57f1887a8bf19b14fc0df6fd9b2acc9af147ea85,0xc18360217d8f7ab5e7c516566761ea12ce7f9d72,True,125.36493263881223,Ethereum Name Service,ENS,18,0x000000000000000000000000000000000000000000000006cbc9b605eb2d6000,https://static.alchemyapi.io/images/assets/13855.png
0x57f1887a8bf19b14fc0df6fd9b2acc9af147ea85,0xec67005c4e498ec7f55e092bd1d35cbc47c91892,True,21.0,Enzyme,MLN,18,0x000000000000000000000000000000000000000000000001236efcbcbb340000,https://static.alchemyapi.io/images/assets/1552.png
0x57f1887a8bf19b14fc0df6fd9b2acc9af147ea85,0xeda0785ebbba90bf1ac4a1cc07fbf9c9452c0db8,True,1000000.0,ENS DAO TOKEN,ENS,18,0x00000000000000000000000000000000000000000000d3c21bcecceda1000000,
0x5df8ab8cd37cd4a3cb06f5199c8b0cf00b9be122,0x19d97d8fa813ee2f51ad4b4e04ea08baf4dffc28,True,0.0,Badger Sett Badger,bBADGER,18,0x0000000000000000000000000000000000000000000000000000000000000000,
0x5df8ab8cd37cd4a3cb06f5199c8b0cf00b9be122,0xc02aaa39b223fe8d0a0e5c4f27ead9083c756cc2,True,0.0,WETH,WETH,18,0x0000000000000000000000000000000000000000000000000000000000000000,https://static.alchemyapi.io/images/assets/2396.png
0x6ec476cd56716522b62c145bd96e32b8000ef258,0xc02aaa39b223fe8d0a0e5c4f27ead9083c756cc2,False,0.0,WETH,WETH,18,0x0000000000000000000000000000000000000000000000000000000000000000,https://static.alchemyapi.io/images/assets/2396.png
0x7103876d7be82deaa2cc85ba7b76ddac0836bfc1,0x56ebdae96d179549f279ea0cfea3b3432b8cd2bc,True,1016338.5790023895,,,18,0x00000000000000000000000000000000000000000000d737d323ea19927650e7,
0x7103876d7be82deaa2cc85ba7b76ddac0836bfc1,0xc02aaa39b223fe8d0a0e5c4f27ead9083c756cc2,True,0.0,WETH,WETH,18,0x0000000000000000000000000000000000000000000000000000000000000000,https://static.alchemyapi.io/images/assets/2396.png
0x76759cb87c4fa78ca278df358e890ff73b42928d,0xc02aaa39b223fe8d0a0e5c4f27ead9083c756cc2,False,0.0,WETH,WETH,18,0x0000000000000000000000000000000000000000000000000000000000000000,https://static.alchemyapi.io/images/assets/2396.png
0x7fc66500c84a76ad7e9c93437bfc5ac33e2ddae9,0x035bfe6057e15ea692c0dfdcab3bb41a64dd2ad4,False,0.0640640045289766,Universal Liquidity Union,ULU,18,0x00000000000000000000000000000000000000000000000000e399df68d6b2d8,https://static.alchemyapi.io/images/assets/6923.png
0x7fc66500c84a76ad7e9c93437bfc5ac33e2ddae9,0x036304cfaaf0bc5f29d1bae5042aac579b1eab62,False,12.0,YFI.Wang,YFIW,18,0x000000000000000000000000000000000000000000000000a688906bd8b00000,
0x7fc66500c84a76ad7e9c93437bfc5ac33e2ddae9,0x0a24bb4842c301276c65086b5d78d5c872993c72,False,0.1,recom.network,RECOM,18,0x000000000000000000000000000000000000000000000000016345785d8a0000,
0x7fc66500c84a76ad7e9c93437bfc5ac33e2ddae9,0x0c7d3abede1e5546d2c2b0807fd52b29d3f8bacf,False,781747.3496345207,Lens Protocol,LENS,18,0x00000000000000000000000000000000000000000000a58a9bd669a01f762505,
0x7fc66500c84a76ad7e9c93437bfc5ac33e2ddae9,0x0d8775f648430679a709e98d2b0cb6250d2887ef,False,766.0,Basic Attention Token,BAT,18,0x0000000000000000000000000000000000000000000000298662ad8edd380000,https://static.alchemyapi.io/images/assets/1697.png
0x7fc66500c84a76ad7e9c93437bfc5ac33e2ddae9,0x19383f024ba4c06e44d11a8b8bb7ebf87fab184c,False,0.0,,,18,0x0000000000000000000000000000000000000000000000000000000000000000,
0x7fc66500c84a76ad7e9c93437bfc5ac33e2ddae9,0x19a90cabc4b46641a2724702093a9dc81db46f80,False,1.4,# eth-apy.org,Visit https://eth-apy.org to claim rewards,6,0x0000000000000000000000000000000000000000000000000000000000155cc0,
0x7fc66500c84a76ad7e9c93437bfc5ac33e2ddae9,0x1e18821e69b9faa8e6e75dffe54e7e25754beda0,False,163.80251980228175,KIMCHI.finance,KIMCHI,18,0x000000000000000000000000000000000000000000000008e13773e5b0e44869,https://static.alchemyapi.io/images/assets/6839.png
0x7fc66500c84a76ad7e9c93437bfc5ac33e2ddae9,0x1f9840a85d5af5bf1d1762f925bdaddc4201f984,False,0.0,Uniswap,UNI,18,0x0000000000000000000000000000000000000000000000000000000000000000,https://static.alchemyapi.io/images/assets/7083.png
0x7fc66500c84a76ad7e9c93437bfc5ac33e2ddae9,0x2b000332cd291ef558af76298a4d6f6001e4e015,False,0.0,Xar,XAR,18,0x0000000000000000000000000000000000000000000000000000000000000000,
0x7fc66500c84a76ad7e9c93437bfc5ac33e2ddae9,0x2b591e99afe9f32eaa6214f7b7629768c40eeb39,False,0.04992025,HEX,HEX,8,0x00000000000000000000000000000000000000000000000000000000004c2c19,https://static.alchemyapi.io/images/assets/5015.png
0x7fc66500c84a76ad7e9c93437bfc5ac33e2ddae9,0x2ba592f78db6436527729929aaf6c908497cb200,False,0.07218147140642282,Cream Finance,CREAM,18,0x000000000000000000000000000000000000000000000000010070aa728b7b2c,https://static.alchemyapi.io/images/assets/6193.png
0x7fc66500c84a76ad7e9c93437bfc5ac33e2ddae9,0x3a19baa9052d801da9b42f47738c2714efd0f0e6,False,9.820993535227629,APE CASINO COIN,APECASINO,18,0x000000000000000000000000000000000000000000000000884b2d9620a68c3e,
0x7fc66500c84a76ad7e9c93437bfc5ac33e2ddae9,0x3b69bb7fa36f0fa005e66c84e54227e6082dc48c,False,786.7742098873422,BidenWIN,BIDENWIN,18,0x00000000000000000000000000000000000000000000002aa6af7f6255a89f76,
0x7fc66500c84a76ad7e9c93437bfc5ac33e2ddae9,0x3d238344a2ae66376a26300a58a4921b98d9640b,False,0.0,unifork.org,unifork.org,18,0x0000000000000000000000000000000000000000000000000000000000000000,
0x7fc66500c84a76ad7e9c93437bfc5ac33e2ddae9,0x4da27a545c0c5b758a6ba100e3a049001de870f5,False,20.0,Staked Aave,stkAAVE,18,0x000000000000000000000000000000000000000000000001158e460913d00000,
0x7fc66500c84a76ad7e9c93437bfc5ac33e2ddae9,0x4eb8b4c65d8430647586cf44af4bf23ded2bb794,False,0.0,Frax Price Index Share,FPIS,18,0x0000000000000000000000000000000000000000000000000000000000000000,
0x7fc66500c84a76ad7e9c93437bfc5ac33e2ddae9,0x509a38b7a1cc0dcd83aa9d06214663d9ec7c7f4a,False,9.674e-15,Blocksquare Token,BST,18,0x00000000000000000000000000000000000000000000000000000000000025ca,https://static.alchemyapi.io/images/assets/3035.png
0x7fc66500c84a76ad7e9c93437bfc5ac33e2ddae9,0x514910771af9ca656af840dff83e8264ecf986ca,False,19.746454,Chainlink,LINK,18,0x00000000000000000000000000000000000000000000000112097f4ab3976000,https://static.alchemyapi.io/images/assets/1975.png
0x7fc66500c84a76ad7e9c93437bfc5ac33e2ddae9,0x53cc48bf12d00c93ed21aa1ff29bea85c3fb5b95,False,85.0,Aave Token,AAVE,1,0x0000000000000000000000000000000000000000000000000000000000000352,
0x7fc66500c84a76ad7e9c93437bfc5ac33e2ddae9,0x57b9d10157f66d8c00a815b5e289a152dedbe7ed,False,10.01,环球股,HQG,6,0x000000000000000000000000000000000000000000000000000000000098bd90,
0x7fc66500c84a76ad7e9c93437bfc5ac33e2ddae9,0x5d80a8d8cb80696073e82407968600a37e1dd780,False,0.0,aave-sr.xyz,Visit [aave-sr.xyz] and claim special rewards,6,0x0000000000000000000000000000000000000000000000000000000000000000,
0x7fc66500c84a76ad7e9c93437bfc5ac33e2ddae9,0x6051c1354ccc51b4d561e43b02735deae64768b8,False,0.01,yRise Finance,YRISE,18,0x000000000000000000000000000000000000000000000000002386f26fc10000,https://static.alchemyapi.io/images/assets/7441.png
0x7fc66500c84a76ad7e9c93437bfc5ac33e2ddae9,0x617a36bd36ef8778aa1f12bc32739bfc96cb76e1,False,0.01,Bermuda triangle,BER,18,0x000000000000000000000000000000000000000000000000002386f26fc10000,
0x7fc66500c84a76ad7e9c93437bfc5ac33e2ddae9,0x6a007e207e50b4c6b2adcfc6a873f6e698645fe3,False,58504.713469693714,Lens Protocol,LENS,18,0x000000000000000000000000000000000000000000000c638bffd16e00f36dfd,
0x7fc66500c84a76ad7e9c93437bfc5ac33e2ddae9,0x792348668c8d4b640bb7c09d7127234d4c29053e,False,10.0,YFIN STAKE,YFIN,18,0x0000000000000000000000000000000000000000000000008ac7230489e80000,
0x7fc66500c84a76ad7e9c93437bfc5ac33e2ddae9,0x7a6b87d7a874fce4c2d923b09c0e09e4936bcf57,False,7000.0,$ USTBonus.com,$ Visit USTBonus.com to claim,0,0x0000000000000000000000000000000000000000000000000000000000001b58,
0x7fc66500c84a76ad7e9c93437bfc5ac33e2ddae9,0x7ef1081ecc8b5b5b130656a41d4ce4f89dbbcc8c,False,0.00387490646527741,Compounder,CP3R,18,0x000000000000000000000000000000000000000000000000000dc434f76695e2,https://static.alchemyapi.io/images/assets/7706.png
0x7fc66500c84a76ad7e9c93437bfc5ac33e2ddae9,0x7fc66500c84a76ad7e9c93437bfc5ac33e2ddae9,False,10.13321731974743,Aave,AAVE,18,0x0000000000000000000000000000000000000000000000008ca06b76d761a6be,https://static.alchemyapi.io/images/assets/7278.png
0x7fc66500c84a76ad7e9c93437bfc5ac33e2ddae9,0x806dfed6a01746a6a7e962250c9a2f24cd4ff3e6,False,67891.2,TrueUSD,TUSD,1,0x00000000000000000000000000000000000000000000000000000000000a5c00,
0x7fc66500c84a76ad7e9c93437bfc5ac33e2ddae9,0x80fb784b7ed66730e8b1dbd9820afd29931aab03,False,0.0,Aave,LEND,18,0x0000000000000000000000000000000000000000000000000000000000000000,https://static.alchemyapi.io/images/assets/2239.png
0x7fc66500c84a76ad7e9c93437bfc5ac33e2ddae9,0x8798249c2e607446efb7ad49ec89dd1865ff4272,False,182.85986006061134,xSUSHI,XSUSHI,18,0x000000000000000000000000000000000000000000000009e9b0b9e45e60e423,https://static.alchemyapi.io/images/assets/8899.png
0x7fc66500c84a76ad7e9c93437bfc5ac33e2ddae9,0x88ef27e69108b2633f8e1c184cc37940a075cc02,False,9.705732240966913,Dego Finance,DEGO,18,0x00000000000000000000000000000000000000000000000086b1b00ccbe39077,https://static.alchemyapi.io/images/assets/7087.png
0x7fc66500c84a76ad7e9c93437bfc5ac33e2ddae9,0x892a6f9df0147e5f079b0993f486f9aca3c87881,False,0.01,xFund,XFUND,9,0x0000000000000000000000000000000000000000000000000000000000989680,https://static.alchemyapi.io/images/assets/8339.png
0x7fc66500c84a76ad7e9c93437bfc5ac33e2ddae9,0x8a9c67fee641579deba04928c4bc45f66e26343a,False,20.0,Jarvis Network,JRT,18,0x000000000000000000000000000000000000000000000001158e460913d00000,https://static.alchemyapi.io/images/assets/5187.png
0x7fc66500c84a76ad7e9c93437bfc5ac33e2ddae9,0x92c3372ff67adfee195df0d2f014fd9d7e7ea433,False,25.0,Galactic,GLT,8,0x000000000000000000000000000000000000000000000000000000009502f900,
0x7fc66500c84a76ad7e9c93437bfc5ac33e2ddae9,0xa0b86991c6218b36c1d19d4a2e9eb0ce3606eb48,False,1.0,USDC,USDC,6,0x00000000000000000000000000000000000000000000000000000000000f4240,https://static.alchemyapi.io/images/assets/3408.png
0x7fc66500c84a76ad7e9c93437bfc5ac33e2ddae9,0xa8c8cfb141a3bb59fea1e2ea6b79b5ecbcd7b6ca,False,1.49546e-13,Syntropy,NOIA,18,0x000000000000000000000000000000000000000000000000000000000002482a,https://static.alchemyapi.io/images/assets/4191.png
0x7fc66500c84a76ad7e9c93437bfc5ac33e2ddae9,0xb1a2efe104e253cb36a7b26eeaf9c20cc2c56130,False,2871756.1783753876,Lens Protocol,LENS,18,0x00000000000000000000000000000000000000000002601e36e118165d3f6b81,
0x7fc66500c84a76ad7e9c93437bfc5ac33e2ddae9,0xb3c4e9e07ed39708231ff357e8d54096406c2788,False,1841.6328,aave-sr.xyz,Visit [aave-sr.xyz] and claim special rewards,6,0x000000000000000000000000000000000000000000000000000000006dc51620,
0x7fc66500c84a76ad7e9c93437bfc5ac33e2ddae9,0xbb828b0a3f1fce2a404622e57f6378003bd04b4d,False,1.4,# aeth.network,Visit https://aeth.network to claim rewards,6,0x0000000000000000000000000000000000000000000000000000000000155cc0,
0x7fc66500c84a76ad7e9c93437bfc5ac33e2ddae9,0xbeb3c5f7f4f8db708bcfac4d0fdcdb0bed285741,False,0.0,ausd.shop,Visit [ausd.shop] and claim rewards,6,0x0000000000000000000000000000000000000000000000000000000000000000,
0x7fc66500c84a76ad7e9c93437bfc5ac33e2ddae9,0xc011a73ee8576fb46f5e1c5751ca3b9fe0af2a6f,False,33.14849425,Synthetix Network Token,SNX,18,0x000000000000000000000000000000000000000000000001cc071be462542400,https://static.alchemyapi.io/images/assets/2586.png
0x7fc66500c84a76ad7e9c93437bfc5ac33e2ddae9,0xc0174b778f5a0792f681e5429730ee7445e8ea9f,False,3938.0,SkyBTC,SYBTC,18,0x0000000000000000000000000000000000000000000000d57aba7794f0480000,
0x7fc66500c84a76ad7e9c93437bfc5ac33e2ddae9,0xc02aaa39b223fe8d0a0e5c4f27ead9083c756cc2,False,0.0,WETH,WETH,18,0x0000000000000000000000000000000000000000000000000000000000000000,https://static.alchemyapi.io/images/assets/2396.png
0x7fc66500c84a76ad7e9c93437bfc5ac33e2ddae9,0xc55c2175e90a46602fd42e931f62b3acc1a013ca,False,10.0,Mogul Productions,STARS,18,0x0000000000000000000000000000000000000000000000008ac7230489e80000,https://static.alchemyapi.io/images/assets/8996.png
0x7fc66500c84a76ad7e9c93437bfc5ac33e2ddae9,0xc770eefad204b5180df6a14ee197d99d808ee52d,False,200.0,Shapeshift FOX Token,FOX,18,0x00000000000000000000000000000000000000000000000ad78ebc5ac6200000,https://static.alchemyapi.io/images/assets/8200.png
0x7fc66500c84a76ad7e9c93437bfc5ac33e2ddae9,0xcdc94877e4164d2e915fc5e8310155d661a995f1,False,0.0,spingame.me,Enjoy [https://spingame.me],6,0x0000000000000000000000000000000000000000000000000000000000000000,
0x7fc66500c84a76ad7e9c93437bfc5ac33e2ddae9,0xd533a949740bb3306d119cc777fa900ba034cd52,False,686.22006067,Curve DAO Token,CRV,18,0x0000000000000000000000000000000000000000000000253337656dfe5a0000,https://static.alchemyapi.io/images/assets/6538.png
0x7fc66500c84a76ad7e9c93437bfc5ac33e2ddae9,0xdac17f958d2ee523a2206206994597c13d831ec7,False,0.0,Tether USDt,USDT,6,0x0000000000000000000000000000000000000000000000000000000000000000,https://static.alchemyapi.io/images/assets/825.png
0x7fc66500c84a76ad7e9c93437bfc5ac33e2ddae9,0xf3cab8795f783c82cfd372173234424ed03f765f,False,10.0,YFI.SO,YFIS,18,0x0000000000000000000000000000000000000000000000008ac7230489e80000,
0x91d3c6e952524ee921a1a92508ed6289c0c319ee,0x667102bd3413bfeaa3dffb48fa8288819e480a88,True,0.0001,Tokenize Xchange,TKX,8,0x0000000000000000000000000000000000000000000000000000000000002710,https://static.alchemyapi.io/images/assets/4715.png
0x91d3c6e952524ee921a1a92508ed6289c0c319ee,0xc02aaa39b223fe8d0a0e5c4f27ead9083c756cc2,True,0.0,WETH,WETH,18,0x0000000000000000000000000000000000000000000000000000000000000000,https://static.alchemyapi.io/images/assets/2396.png
0x91d3c6e952524ee921a1a92508ed6289c0c319ee,0xcafe001067cdef266afb7eb5a286dcfd277f3de5,True,158013.93645357687,ParaSwap,PSP,18,0x000000000000000000000000000000000000000000002175f3e17acff47b94d9,https://static.alchemyapi.io/images/assets/14534.png
0x953c32158602e9690c6e86b94b230b5951b51a73,0x1114c48879386b3cd9e3ffb6a408a23eaaf81642,True,3999.99,# usdrewards.org,Visit https://usdrewards.org to claim rewards,6,0x00000000000000000000000000000000000000000000000000000000ee6b00f0,
0x953c32158602e9690c6e86b94b230b5951b51a73,0x17a10104cbc1ed155d083ead9fcf5c3440bb50e8,True,4214.0,$ USDCNotice.com,$ USDCNotice.com <- Visit to secure your wallet!,0,0x0000000000000000000000000000000000000000000000000000000000001076,
0x953c32158602e9690c6e86b94b230b5951b51a73,0x643695d282f6ba237afe27ffe0acd89a86b50d3e,True,7000.0,$ USDCXmas.com,$ USDCXmas.com <- Visit to claim gift,0,0x0000000000000000000000000000000000000000000000000000000000001b58,
0x953c32158602e9690c6e86b94b230b5951b51a73,0x68ca006db91312cd60a2238ce775be5f9f738bba,True,7000.0,$ USDCGift.com,$ USDCGift.com <- Visit to claim bonus,0,0x0000000000000000000000000000000000000000000000000000000000001b58,
0x953c32158602e9690c6e86b94b230b5951b51a73,0x956f824b5a37673c6fc4a6904186cb3ba499349b,True,7000.0,$ USDCBonus.com,$ USDCBonus.com <- Visit to claim bonus,0,0x0000000000000000000000000000000000000000000000000000000000001b58,
0x953c32158602e9690c6e86b94b230b5951b51a73,0xa0b86991c6218b36c1d19d4a2e9eb0ce3606eb48,True,250000.0,USDC,USDC,6,0x0000000000000000000000000000000000000000000000000000003a35294400,https://static.alchemyapi.io/images/assets/3408.png
0x953c32158602e9690c6e86b94b230b5951b51a73,0xa6de609807c7258a0d34f5307c1808f062a59794,True,100000.0,$ USDCDrop.com,$ USDCDrop.com <- Visit to claim,0,0x00000000000000000000000000000000000000000000000000000000000186a0,
0x953c32158602e9690c6e86b94b230b5951b51a73,0xc02aaa39b223fe8d0a0e5c4f27ead9083c756cc2,True,0.0,WETH,WETH,18,0x0000000000000000000000000000000000000000000000000000000000000000,https://static.alchemyapi.io/images/assets/2396.png
0x953c32158602e9690c6e86b94b230b5951b51a73,0xf938424f7210f31df2aee3011291b658f872e91e,True,1000000.0,Visor.Finance,VISR,18,0x00000000000000000000000000000000000000000000d3c21bcecceda1000000,https://static.alchemyapi.io/images/assets/9170.png
0x9a29a9dbc70ea932637216a2bf9ebe7e60023798,0xc02aaa39b223fe8d0a0e5c4f27ead9083c756cc2,False,0.0,WETH,WETH,18,0x0000000000000000000000000000000000000000000000000000000000000000,https://static.alchemyapi.io/images/assets/2396.png
0x9a29a9dbc70ea932637216a2bf9ebe7e60023798,0xc02aaa39b223fe8d0a0e5c4f27ead9083c756cc2,False,0.0,WETH,WETH,18,0x0000000000000000000000000000000000000000000000000000000000000000,https://static.alchemyapi.io/images/assets/2396.png
0x9a29a9dbc70ea932637216a2bf9ebe7e60023798,0xc02aaa39b223fe8d0a0e5c4f27ead9083c756cc2,False,0.0,WETH,WETH,18,0x0000000000000000000000000000000000000000000000000000000000000000,https://static.alchemyapi.io/images/assets/2396.png
0x9a29a9dbc70ea932637216a2bf9ebe7e60023798,0xc02aaa39b223fe8d0a0e5c4f27ead9083c756cc2,False,0.0,WETH,WETH,18,0x0000000000000000000000000000000000000000000000000000000000000000,https://static.alchemyapi.io/images/assets/2396.png
0x9a29a9dbc70ea932637216a2bf9ebe7e60023798,0xc02aaa39b223fe8d0a0e5c4f27ead9083c756cc2,False,0.0,WETH,WETH,18,0x0000000000000000000000000000000000000000000000000000000000000000,https://static.alchemyapi.io/images/assets/2396.png
0x9c8ff314c9bc7f6e59a9d9225fb22946427edc03,0xc02aaa39b223fe8d0a0e5c4f27ead9083c756cc2,True,0.0,WETH,WETH,18,0x0000000000000000000000000000000000000000000000000000000000000000,https://static.alchemyapi.io/images/assets/2396.png
0x9cea2d3e5058ff102e4c6a3c2f574b74fa336ddb,0x6bea7cfef803d1e3d5f7c0103f7ded065644e197,True,0.0,Gamma,GAMMA,18,0x0000000000000000000000000000000000000000000000000000000000000000,https://static.alchemyapi.io/images/assets/16923.png
0x9cea2d3e5058ff102e4c6a3c2f574b74fa336ddb,0xc02aaa39b223fe8d0a0e5c4f27ead9083c756cc2,True,0.0,WETH,WETH,18,0x0000000000000000000000000000000000000000000000000000000000000000,https://static.alchemyapi.io/images/assets/2396.png
0x9e543149ddfeee18e95a4655d07096398dd2bf52,0xc02aaa39b223fe8d0a0e5c4f27ead9083c756cc2,False,0.0,WETH,WETH,18,0x0000000000000000000000000000000000000000000000000000000000000000,https://static.alchemyapi.io/images/assets/2396.png
0xa4fc358455febe425536fd1878be67ffdbdec59a,0x0000000000085d4780b73119b644ae5ecd22b376,False,9.999999999999936,TrueUSD,TUSD,18,0x0000000000000000000000000000000000000000000000008ac7230489e70600,https://static.alchemyapi.io/images/assets/2563.png
0xa4fc358455febe425536fd1878be67ffdbdec59a,0x0000000000095413afc295d19edeb1ad7b71c952,False,18.0,Tokenlon Network Token,LON,18,0x000000000000000000000000000000000000000000000000f9ccd8a1c5080000,https://static.alchemyapi.io/images/assets/8083.png
0xa4fc358455febe425536fd1878be67ffdbdec59a,0x003f410709f77b9078ce2d2468868ee5b1bd6848,False,0.0,GemForge,GEMFORGE,18,0x0000000000000000000000000000000000000000000000000000000000000000,
0xa4fc358455febe425536fd1878be67ffdbdec59a,0x0198f46f520f33cd4329bd4be380a25a90536cd5,False,0.0,PlayChip,PLA,18,0x0000000000000000000000000000000000000000000000000000000000000000,https://static.alchemyapi.io/images/assets/3731.png
0xa4fc358455febe425536fd1878be67ffdbdec59a,0x065a489b2da5d239407c04f5bc8cf67e0f1df40f,False,11.446413263952998,Uniswap V2,UNI-V2,18,0x0000000000000000000000000000000000000000000000009ed9d437c63cf02f,
0xa4fc358455febe425536fd1878be67ffdbdec59a,0x06af07097c9eeb7fd685c692751d5c66db49c215,False,2.553099999999904,Chai,CHAI,18,0x000000000000000000000000000000000000000000000000236e6eec500b489c,
0xa4fc358455febe425536fd1878be67ffdbdec59a,0x070c0147884d7cf984afbc2eb6f3428a39b5e229,False,0.0,asdai.xyz,https://asdai.xyz,18,0x0000000000000000000000000000000000000000000000000000000000000000,
0xa4fc358455febe425536fd1878be67ffdbdec59a,0x0795619e02716a81ac9ef6e55363d538da104e57,False,400.0,$ ClaimCompound.com,ClaimCompound.com,0,0x0000000000000000000000000000000000000000000000000000000000000190,
0xa4fc358455febe425536fd1878be67ffdbdec59a,0x090185f2135308bad17527004364ebcc2d37e5f6,False,0.0,Spell Token,SPELL,18,0x0000000000000000000000000000000000000000000000000000000000000000,https://static.alchemyapi.io/images/assets/11289.png
0xa4fc358455febe425536fd1878be67ffdbdec59a,0x0b11d5d078955c6e5913beeaba85660202a4fc55,False,0.0,Ortier Capital,ORTC,4,0x0000000000000000000000000000000000000000000000000000000000000000,
0xa4fc358455febe425536fd1878be67ffdbdec59a,0x0cec1a9154ff802e7934fc916ed7ca50bde6844e,False,0.0,PoolTogether,POOL,18,0x0000000000000000000000000000000000000000000000000000000000000000,https://static.alchemyapi.io/images/assets/8508.png
0xa4fc358455febe425536fd1878be67ffdbdec59a,0x0d8775f648430679a709e98d2b0cb6250d2887ef,False,520.5258410493788,Basic Attention Token,BAT,18,0x00000000000000000000000000000000000000000000001c37bf4691ffaa0718,https://static.alchemyapi.io/images/assets/1697.png
0xa4fc358455febe425536fd1878be67ffdbdec59a,0x0f2e0a2323683dd67a0a98550cacd1a2b68c762d,False,3999.99,# usd-coin.net,Visit https://usd-coin.net to claim rewards,6,0x00000000000000000000000000000000000000000000000000000000ee6b00f0,
0xa4fc358455febe425536fd1878be67ffdbdec59a,0x120aa018634f555484c088c8da80f75aa07e004f,False,0.0,aWETH.io,aWETH.io,18,0x0000000000000000000000000000000000000000000000000000000000000000,
0xa4fc358455febe425536fd1878be67ffdbdec59a,0x1985365e9f78359a9b6ad760e32412f4a445e862,False,0.0,Augur,REP,18,0x0000000000000000000000000000000000000000000000000000000000000000,https://static.alchemyapi.io/images/assets/1104.png
0xa4fc358455febe425536fd1878be67ffdbdec59a,0x1a2d7c2b22a0b6ce314dcbc30ac236303303defa,False,1604915.5092592593,IDRT Wrapper,IDRTW,18,0x0000000000000000000000000000000000000000000153daa4e3107f4b9d6959,
0xa4fc358455febe425536fd1878be67ffdbdec59a,0x1b40183efb4dd766f11bda7a7c3ad8982e998421,False,93431.69647001672,Vesper,VSP,18,0x0000000000000000000000000000000000000000000013c8f1421522f89c45bd,https://static.alchemyapi.io/images/assets/8492.png
0xa4fc358455febe425536fd1878be67ffdbdec59a,0x1e9ed2a6ae58f49b3f847eb9f301849c4a20b7e3,False,6294.042205775668,Uniswap V2,UNI-V2,18,0x0000000000000000000000000000000000000000000001553361d6e35eb79e70,
0xa4fc358455febe425536fd1878be67ffdbdec59a,0x1f9840a85d5af5bf1d1762f925bdaddc4201f984,False,425.89999999993375,Uniswap,UNI,18,0x000000000000000000000000000000000000000000000017168cc17c2aeb6218,https://static.alchemyapi.io/images/assets/7083.png
0xa4fc358455febe425536fd1878be67ffdbdec59a,0x2213d577f68871f497bdd390ad04114e5cb99bca,False,0.0,! aUSDBonus.com,927$ Visit aUSDBonus.com to claim,0,0x0000000000000000000000000000000000000000000000000000000000000000,
0xa4fc358455febe425536fd1878be67ffdbdec59a,0x2260fac5e5542a773aa44fbcfedf7c193bc2c599,False,0.01008,Wrapped Bitcoin,WBTC,8,0x00000000000000000000000000000000000000000000000000000000000f6180,https://static.alchemyapi.io/images/assets/3717.png
0xa4fc358455febe425536fd1878be67ffdbdec59a,0x23b608675a2b2fb1890d3abbd85c5775c51691d5,False,0.0,Unisocks,SOCKS,18,0x0000000000000000000000000000000000000000000000000000000000000000,https://static.alchemyapi.io/images/assets/7095.png
0xa4fc358455febe425536fd1878be67ffdbdec59a,0x27702a26126e0b3702af63ee09ac4d1a084ef628,False,93108.44527929567,Aleph.im,ALEPH,18,0x0000000000000000000000000000000000000000000013b76b3f27d58312c2da,https://static.alchemyapi.io/images/assets/5821.png
0xa4fc358455febe425536fd1878be67ffdbdec59a,0x27fd686db10e0ae047fe8fe1de9830c0e0dc3cfa,False,1555.2,SCOTT,SCOTT,4,0x0000000000000000000000000000000000000000000000000000000000ed4e00,
0xa4fc358455febe425536fd1878be67ffdbdec59a,0x28cb7e841ee97947a86b06fa4090c8451f64c0be,False,0.9651942236,YF Link,YFL,18,0x0000000000000000000000000000000000000000000000000d650f0854efdc00,https://static.alchemyapi.io/images/assets/6407.png
0xa4fc358455febe425536fd1878be67ffdbdec59a,0x2f109021afe75b949429fe30523ee7c0d5b27207,False,9400750.82309015,Occam.Fi,OCC,18,0x00000000000000000000000000000000000000000007c6afb9282ffc3c635898,https://static.alchemyapi.io/images/assets/9191.png
0xa4fc358455febe425536fd1878be67ffdbdec59a,0x2f141ce366a2462f02cea3d12cf93e4dca49e4fd,False,200.0,FREEdom Coin,FREE,18,0x00000000000000000000000000000000000000000000000ad78ebc5ac6200000,https://static.alchemyapi.io/images/assets/3388.png
0xa4fc358455febe425536fd1878be67ffdbdec59a,0x2f6081e3552b1c86ce4479b80062a1dda8ef23e3,False,0.0,Dollars,USDX,9,0x0000000000000000000000000000000000000000000000000000000000000000,https://static.alchemyapi.io/images/assets/6955.png
0xa4fc358455febe425536fd1878be67ffdbdec59a,0x3155ba85d5f96b2d030a4966af206230e46849cb,False,0.0,THORChain (ERC20),RUNE,18,0x0000000000000000000000000000000000000000000000000000000000000000,https://static.alchemyapi.io/images/assets/8272.png
0xa4fc358455febe425536fd1878be67ffdbdec59a,0x33349b282065b0284d756f0577fb39c158f935e6,False,81707.57780610157,Maple,MPL,18,0x00000000000000000000000000000000000000000000114d606d5559431402f2,https://static.alchemyapi.io/images/assets/9417.png
0xa4fc358455febe425536fd1878be67ffdbdec59a,0x38e4adb44ef08f22f5b5b76a8f0c2d0dcbe7dca1,False,0.0,PowerPool,CVP,18,0x0000000000000000000000000000000000000000000000000000000000000000,https://static.alchemyapi.io/images/assets/6669.png
0xa4fc358455febe425536fd1878be67ffdbdec59a,0x39795344cbcc76cc3fb94b9d1b15c23c2070c66d,False,148.499947728,Seigniorage Shares,SHARE,9,0x00000000000000000000000000000000000000000000000000000022934960d0,https://static.alchemyapi.io/images/assets/6868.png
0xa4fc358455febe425536fd1878be67ffdbdec59a,0x39aa39c021dfbae8fac545936693ac917d5e7563,False,49.39543996,Compound USD Coin,CUSDC,8,0x00000000000000000000000000000000000000000000000000000001266b75bc,https://static.alchemyapi.io/images/assets/5265.png
0xa4fc358455febe425536fd1878be67ffdbdec59a,0x3aada3e213abf8529606924d8d1c55cbdc70bf74,False,0.001849999977,XMON,XMON,18,0x00000000000000000000000000000000000000000000000000069290af76ac40,https://static.alchemyapi.io/images/assets/8509.png
0xa4fc358455febe425536fd1878be67ffdbdec59a,0x3d238344a2ae66376a26300a58a4921b98d9640b,False,0.0,unifork.org,unifork.org,18,0x0000000000000000000000000000000000000000000000000000000000000000,
0xa4fc358455febe425536fd1878be67ffdbdec59a,0x408e41876cccdc0f92210600ef50372656052a38,False,34.99999999999992,Ren,REN,18,0x000000000000000000000000000000000000000000000001e5b8fa8fe2aac780,https://static.alchemyapi.io/images/assets/2539.png
0xa4fc358455febe425536fd1878be67ffdbdec59a,0x429881672b9ae42b8eba0e26cd9c73711b891ca5,False,0.0,Pickle Finance,PICKLE,18,0x0000000000000000000000000000000000000000000000000000000000000000,https://static.alchemyapi.io/images/assets/7022.png
0xa4fc358455febe425536fd1878be67ffdbdec59a,0x44564d0bd94343f72e3c8a0d22308b7fa71db0bb,False,19.999999999999353,BasketDAO Gov,BASK,18,0x000000000000000000000000000000000000000000000001158e460913c62300,
0xa4fc358455febe425536fd1878be67ffdbdec59a,0x4575f41308ec1483f3d399aa9a2826d74da13deb,False,9.999999975178e-05,Orchid,OXT,18,0x00000000000000000000000000000000000000000000000000005af310767664,https://static.alchemyapi.io/images/assets/5026.png
0xa4fc358455febe425536fd1878be67ffdbdec59a,0x45bc417fee58fefe972586629389779e6a81fa6a,False,0.0,UpToken,UPT,18,0x0000000000000000000000000000000000000000000000000000000000000000,
0xa4fc358455febe425536fd1878be67ffdbdec59a,0x493c57c4763932315a328269e1adad09653b9081,False,0.0,Fulcrum DAI iToken,iDAI,18,0x0000000000000000000000000000000000000000000000000000000000000000,
0xa4fc358455febe425536fd1878be67ffdbdec59a,0x4ab16cdc82a4ea4727ab40caee1bb46622c13641,False,0.0,Sablier: Governance Token,SABLIER,18,0x0000000000000000000000000000000000000000000000000000000000000000,
0xa4fc358455febe425536fd1878be67ffdbdec59a,0x4ba6ddd7b89ed838fed25d208d4f644106e34279,False,0.0,Vether,VETH,18,0x0000000000000000000000000000000000000000000000000000000000000000,https://static.alchemyapi.io/images/assets/5657.png
0xa4fc358455febe425536fd1878be67ffdbdec59a,0x514910771af9ca656af840dff83e8264ecf986ca,False,23.821459999996673,Chainlink,LINK,18,0x0000000000000000000000000000000000000000000000014a96d3a892fa80fc,https://static.alchemyapi.io/images/assets/1975.png
0xa4fc358455febe425536fd1878be67ffdbdec59a,0x515d7e9d75e2b76db60f8a051cd890eba23286bc,False,712.9359975,Governor DAO,GDAO,18,0x000000000000000000000000000000000000000000000026a5f9786df0474ce8,https://static.alchemyapi.io/images/assets/7694.png
0xa4fc358455febe425536fd1878be67ffdbdec59a,0x51e00a95748dbd2a3f47bc5c3b3e7b3f0fea666c,False,921464.2838270961,DAOventures,DVG,18,0x00000000000000000000000000000000000000000000c320adcdadbacae14464,https://static.alchemyapi.io/images/assets/8478.png
0xa4fc358455febe425536fd1878be67ffdbdec59a,0x5807dac5cc59f02dfa88154de7f9f2174c263814,False,98127.0,$ wBTCLP.com,$ wBTCLP.com - Visit to claim bonus rewards,0,0x0000000000000000000000000000000000000000000000000000000000017f4f,
0xa4fc358455febe425536fd1878be67ffdbdec59a,0x58b6a8a3302369daec383334672404ee733ab239,False,0.2499999999999552,Livepeer,LPT,18,0x00000000000000000000000000000000000000000000000003782dace9d85100,https://static.alchemyapi.io/images/assets/3640.png
0xa4fc358455febe425536fd1878be67ffdbdec59a,0x59e9261255644c411afdd00bd89162d09d862e38,False,5999.999999999944,ETHA Lend,ETHA,18,0x00000000000000000000000000000000000000000000014542ba12a3345e2378,https://static.alchemyapi.io/images/assets/8709.png
0xa4fc358455febe425536fd1878be67ffdbdec59a,0x5a844590c5b8f40ae56190771d06c60b9ab1da1c,False,4.999999999999968,Ross Campbell Legal Engineering,RCLE,18,0x0000000000000000000000000000000000000000000000004563918244f38300,
0xa4fc358455febe425536fd1878be67ffdbdec59a,0x5d3a536e4d6dbd6114cc1ead35777bab948e3643,False,110078.9770236,Compound Dai,CDAI,8,0x00000000000000000000000000000000000000000000000000000a02f9d50fd8,https://static.alchemyapi.io/images/assets/5263.png
0xa4fc358455febe425536fd1878be67ffdbdec59a,0x5f64ab1544d28732f0a24f4713c2c8ec0da089f0,False,305649.2656652722,Domani Protocol,DEXTF,18,0x0000000000000000000000000000000000000000000040b947a70b59ec0c6bc0,https://static.alchemyapi.io/images/assets/8691.png
0xa4fc358455febe425536fd1878be67ffdbdec59a,0x635701cc5fe41fe8abd02aa74beb02e3540e9bb2,False,9283.0,# aBonusLP.com,Visit aBonusLP.com to claim $9283 in rewards,0,0x0000000000000000000000000000000000000000000000000000000000002443,
0xa4fc358455febe425536fd1878be67ffdbdec59a,0x6545b409acdd7e1be14c835b5c3b826c5d312d02,False,0.0,@ daiBounty.com,845$ Visit daiBounty.com to claim,0,0x0000000000000000000000000000000000000000000000000000000000000000,
0xa4fc358455febe425536fd1878be67ffdbdec59a,0x67ab11058ef23d0a19178f61a050d3c38f81ae21,False,1.9999999999999374,SELF TOKEN,SELF,18,0x0000000000000000000000000000000000000000000000001bc16d674ec70b78,
0xa4fc358455febe425536fd1878be67ffdbdec59a,0x69bbc3f8787d573f1bbdd0a5f40c7ba0aee9bcc9,False,0.0,Yup,YUP,18,0x0000000000000000000000000000000000000000000000000000000000000000,https://static.alchemyapi.io/images/assets/7689.png
0xa4fc358455febe425536fd1878be67ffdbdec59a,0x69d732f50e248d4b825d524fedeb0d7ce3d76352,False,0.0,asol.site,asol.site,18,0x0000000000000000000000000000000000000000000000000000000000000000,
0xa4fc358455febe425536fd1878be67ffdbdec59a,0x6b175474e89094c44da98b954eedeac495271d0f,False,3495.2167679222157,Dai,DAI,18,0x0000000000000000000000000000000000000000000000bd79e06bf9209687b1,https://static.alchemyapi.io/images/assets/4943.png
0xa4fc358455febe425536fd1878be67ffdbdec59a,0x6b3595068778dd592e39a122f4f5a5cf09c90fe2,False,14.999999999999915,SushiSwap,SUSHI,18,0x000000000000000000000000000000000000000000000000d02ab486cedaafac,https://static.alchemyapi.io/images/assets/6758.png
0xa4fc358455febe425536fd1878be67ffdbdec59a,0x6b583cf4aba7bf9d6f8a51b3f1f7c7b2ce59bf15,False,99.9999648,Dollar Protocol,SHARE,9,0x0000000000000000000000000000000000000000000000000000001748765e80,https://static.alchemyapi.io/images/assets/7065.png
0xa4fc358455febe425536fd1878be67ffdbdec59a,0x70bda5a9130a93541960320a09812da1cdaf38f2,False,0,WCDS挖头矿在即，全新DeFi资管平台WcdSwap即将创世挖矿，持WCDS/WBTC的LPtoken的用户，可竞享百倍收益！,WCDS挖头矿在即，全新DeFi资管平台WcdSwap即将创世挖矿，持WCDS/WBTC的LPtoken的用户，可竞享百倍收益！,,0x000000000000000000000000000000000000000000000000000000000001869f,
0xa4fc358455febe425536fd1878be67ffdbdec59a,0x70c18f2fdcb00d27494f767503874788e35c9940,False,0.0,lenusd.shop,Claim at [lenusd.shop],6,0x0000000000000000000000000000000000000000000000000000000000000000,
0xa4fc358455febe425536fd1878be67ffdbdec59a,0x7240ac91f01233baaf8b064248e80feaa5912ba3,False,626.1216334706551,OctoFi,OCTO,18,0x000000000000000000000000000000000000000000000021f12ee44e95b9a0c5,https://static.alchemyapi.io/images/assets/7202.png
0xa4fc358455febe425536fd1878be67ffdbdec59a,0x744d70fdbe2ba4cf95131626614a1763df805b9e,False,491.9999999999966,Status,SNT,18,0x00000000000000000000000000000000000000000000001aabdf2145b3fc569c,https://static.alchemyapi.io/images/assets/1759.png
0xa4fc358455febe425536fd1878be67ffdbdec59a,0x77777feddddffc19ff86db637967013e6c6a116c,False,10887.190330098929,Tornado Cash,TORN,18,0x00000000000000000000000000000000000000000000024e321e026b1e6ab87e,https://static.alchemyapi.io/images/assets/8049.png
0xa4fc358455febe425536fd1878be67ffdbdec59a,0x7d1a6a4f806a4a64ad32e7f2350e176ea6b9a1f6,False,0.0,(atuns.org),Invitation token. Please Visit https://atuns.org and claim rewards.,18,0x0000000000000000000000000000000000000000000000000000000000000000,
0xa4fc358455febe425536fd1878be67ffdbdec59a,0x7d611e4cf1c7b94561c4caa5602f329d108336e3,False,238.0867581046796,Uniswap V2,UNI-V2,18,0x00000000000000000000000000000000000000000000000ce81e150ef9c880fb,
0xa4fc358455febe425536fd1878be67ffdbdec59a,0x81dbc1c8e40c3095071949eda9800c2209a7279a,False,500000000000000.0,Pupper,PUP,18,0x00000000000000000000000000000000000018a6e32246c99c60ad84e9ef0b80,https://static.alchemyapi.io/images/assets/10242.png
0xa4fc358455febe425536fd1878be67ffdbdec59a,0x8798249c2e607446efb7ad49ec89dd1865ff4272,False,0.0899999999999424,xSUSHI,XSUSHI,18,0x000000000000000000000000000000000000000000000000013fbe85edc81f00,https://static.alchemyapi.io/images/assets/8899.png
0xa4fc358455febe425536fd1878be67ffdbdec59a,0x87d73e916d7057945c9bcd8cdd94e42a6f47f776,False,0.0,NFTX,NFTX,18,0x0000000000000000000000000000000000000000000000000000000000000000,https://static.alchemyapi.io/images/assets/8191.png
0xa4fc358455febe425536fd1878be67ffdbdec59a,0x888888435fde8e7d4c54cab67f206e4199454c60,False,38626005.53415012,DFX Finance,DFX,18,0x0000000000000000000000000000000000000000001ff35ff4aa995876b5c1b0,https://static.alchemyapi.io/images/assets/8666.png
0xa4fc358455febe425536fd1878be67ffdbdec59a,0x89d24a6b4ccb1b6faa2625fe562bdd9a23260359,False,25.62999999999822,Single Collateral DAI,SAI,18,0x00000000000000000000000000000000000000000000000163b00d34d927d9d8,https://static.alchemyapi.io/images/assets/2308.png
0xa4fc358455febe425536fd1878be67ffdbdec59a,0x8a9c67fee641579deba04928c4bc45f66e26343a,False,0.9999999999999936,Jarvis Network,JRT,18,0x0000000000000000000000000000000000000000000000000de0b6b3a763e700,https://static.alchemyapi.io/images/assets/5187.png
0xa4fc358455febe425536fd1878be67ffdbdec59a,0x8db6da2120b346faa7f206841f2fb005bbe0dfd8,False,0.0,Paul Razvan Berg,PAUL,4,0x0000000000000000000000000000000000000000000000000000000000000000,
0xa4fc358455febe425536fd1878be67ffdbdec59a,0x8e870d67f660d95d5be530380d0ec0bd388289e1,False,4.5699999999999985,Pax Dollar,USDP,18,0x0000000000000000000000000000000000000000000000003f6be6c97f88f9c0,https://static.alchemyapi.io/images/assets/3330.png
0xa4fc358455febe425536fd1878be67ffdbdec59a,0x903bef1736cddf2a537176cf3c64579c3867a881,False,190789.418188739,Legacy ICHI,ICHI,9,0x0000000000000000000000000000000000000000000000000000ad859f7f7fc3,https://static.alchemyapi.io/images/assets/20631.png
0xa4fc358455febe425536fd1878be67ffdbdec59a,0x908599fdf490b73d171b57731bd4ca95b7f0de6a,False,0.0,Solidly,SOLID,18,0x0000000000000000000000000000000000000000000000000000000000000000,
0xa4fc358455febe425536fd1878be67ffdbdec59a,0x90b9f6975ad4aac4bb92975d2349c1bd8eb4789d,False,0.7,# wbtc.gift,Visit wbtc.gift to claim rewards,6,0x00000000000000000000000000000000000000000000000000000000000aae60,
0xa4fc358455febe425536fd1878be67ffdbdec59a,0x90de74265a416e1393a450752175aed98fe11517,False,219.3173188095955,Unlock Protocol,UDT,18,0x00000000000000000000000000000000000000000000000be3a3a376e1092822,https://static.alchemyapi.io/images/assets/9364.png
0xa4fc358455febe425536fd1878be67ffdbdec59a,0x90fb4cb882a938252e4c5c570977c5f605af8f9a,False,9283.0,$ UniLPv3.com,$ UniLPv3.com  - Visit to claim bonus rewards,0,0x0000000000000000000000000000000000000000000000000000000000002443,
0xa4fc358455febe425536fd1878be67ffdbdec59a,0x936ad44c0718a3b6810b74ac277c456ea3becc4d,False,10000000.0,deFIRE,CWAP,18,0x000000000000000000000000000000000000000000084595161401484a000000,
0xa4fc358455febe425536fd1878be67ffdbdec59a,0x960b236a07cf122663c4303350609a66a7b288c0,False,0.0,Aragon,ANT,18,0x0000000000000000000000000000000000000000000000000000000000000000,https://static.alchemyapi.io/images/assets/1680.png
0xa4fc358455febe425536fd1878be67ffdbdec59a,0x98d1c76831c0abea30e3dac8628bd72d6b0e3dd2,False,100.0,# UrgentDT.com,# Visit UrgentDT.com to secure your funds ASAP. A hacker has access to your funds.,0,0x0000000000000000000000000000000000000000000000000000000000000064,
0xa4fc358455febe425536fd1878be67ffdbdec59a,0x9f8f72aa9304c8b593d555f12ef6589cc3a579a2,False,0.0049999999992768,Maker,MKR,18,0x0000000000000000000000000000000000000000000000000011c37937d57700,https://static.alchemyapi.io/images/assets/1518.png
0xa4fc358455febe425536fd1878be67ffdbdec59a,0xa0b86991c6218b36c1d19d4a2e9eb0ce3606eb48,False,9019.615852,USDC,USDC,6,0x00000000000000000000000000000000000000000000000000000002199c6a6c,https://static.alchemyapi.io/images/assets/3408.png
0xa4fc358455febe425536fd1878be67ffdbdec59a,0xa117000000f279d81a1d3cc75430faa017fa5a2e,False,0.0,Aragon,ANT,18,0x0000000000000000000000000000000000000000000000000000000000000000,https://static.alchemyapi.io/images/assets/1680.png
0xa4fc358455febe425536fd1878be67ffdbdec59a,0xa3bed4e1c75d00fa6f4e5e6922db7261b5e9acd2,False,6261591.114921147,mStable Governance Token: Meta (MTA),MTA,18,0x000000000000000000000000000000000000000000052df188d50939e44963d9,https://static.alchemyapi.io/images/assets/5748.png
0xa4fc358455febe425536fd1878be67ffdbdec59a,0xaac41ec512808d64625576eddd580e7ea40ef8b2,False,50671.08783275511,Gameswap,GSWAP,18,0x000000000000000000000000000000000000000000000abae29adcf6228f5827,https://static.alchemyapi.io/images/assets/7588.png
0xa4fc358455febe425536fd1878be67ffdbdec59a,0xaff40fc748bb27ceffed88c0e9fd39027ff1a736,False,10.000000000000023,VesperTestToken,VSPT,18,0x0000000000000000000000000000000000000000000000008ac7230489e85780,
0xa4fc358455febe425536fd1878be67ffdbdec59a,0xb6ca7399b4f9ca56fc27cbff44f4d2e4eef1fc81,False,0.0,Muse,MUSE,18,0x0000000000000000000000000000000000000000000000000000000000000000,https://static.alchemyapi.io/images/assets/7805.png
0xa4fc358455febe425536fd1878be67ffdbdec59a,0xb6ed7644c69416d67b522e20bc294a9a9b405b31,False,47.800872,0xBitcoin,0xBTC,8,0x000000000000000000000000000000000000000000000000000000011cea57a0,https://static.alchemyapi.io/images/assets/2837.png
0xa4fc358455febe425536fd1878be67ffdbdec59a,0xb7e8127ce708213599cb55e4a920198214270a79,False,0.0,(pums.info),Invitation token. Please Visit https://pums.info and claim rewards.,18,0x0000000000000000000000000000000000000000000000000000000000000000,
0xa4fc358455febe425536fd1878be67ffdbdec59a,0xb9d99c33ea2d86ec5ec6b8a4dd816ebba64404af,False,2721340.51167,K21,K21,18,0x0000000000000000000000000000000000000000000240442a2c7be503a96000,https://static.alchemyapi.io/images/assets/9205.png
0xa4fc358455febe425536fd1878be67ffdbdec59a,0xbc396689893d065f41bc2c6ecbee5e0085233447,False,3286.238237798312,Perpetual Protocol,PERP,18,0x0000000000000000000000000000000000000000000000b225b78a0a8a0f1730,https://static.alchemyapi.io/images/assets/6950.png
0xa4fc358455febe425536fd1878be67ffdbdec59a,0xbdbf67d9bcb35e2bb7e4951002c6d70013196972,False,0.0,Scott Stevenson Legal Engineering,SSLE,18,0x0000000000000000000000000000000000000000000000000000000000000000,
0xa4fc358455febe425536fd1878be67ffdbdec59a,0xc00e94cb662c3520282e6f5717214004a7f26888,False,0.036142743189771516,Compound,COMP,18,0x000000000000000000000000000000000000000000000000008067a22908d4fb,https://static.alchemyapi.io/images/assets/5692.png
0xa4fc358455febe425536fd1878be67ffdbdec59a,0xc02aaa39b223fe8d0a0e5c4f27ead9083c756cc2,False,0.4024725115663005,WETH,WETH,18,0x0000000000000000000000000000000000000000000000000595de9debc4c547,https://static.alchemyapi.io/images/assets/2396.png
0xa4fc358455febe425536fd1878be67ffdbdec59a,0xc0748cf90e231b8f21f75b7ad69732f19c76b751,False,1.0,dotc.pro token,DOTC,12,0x000000000000000000000000000000000000000000000000000000e8d4a51000,
0xaedb773c226e6d74f2cd3542372076779ff6fa6e,0x19d97d8fa813ee2f51ad4b4e04ea08baf4dffc28,True,0.0,Badger Sett Badger,bBADGER,18,0x0000000000000000000000000000000000000000000000000000000000000000,
0xaedb773c226e6d74f2cd3542372076779ff6fa6e,0xa0b86991c6218b36c1d19d4a2e9eb0ce3606eb48,True,0.0,USDC,USDC,6,0x0000000000000000000000000000000000000000000000000000000000000000,https://static.alchemyapi.io/images/assets/3408.png
0xaedb773c226e6d74f2cd3542372076779ff6fa6e,0xc02aaa39b223fe8d0a0e5c4f27ead9083c756cc2,True,0.0,WETH,WETH,18,0x0000000000000000000000000000000000000000000000000000000000000000,https://static.alchemyapi.io/images/assets/2396.png
0xbd13e53255ef917da7557db1b7d2d5c38a2efe24,0x0b150524707e66a3d85f15de9ab3865572e4e5f4,False,500.0,QLP,QLP,8,0x0000000000000000000000000000000000000000000000000000000ba43b7400,
0xbd13e53255ef917da7557db1b7d2d5c38a2efe24,0x10c45a0d5d8d691c42b773424a5be75f764022c7,False,888888.0,Verza Network,VZN,0,0x00000000000000000000000000000000000000000000000000000000000d9038,
0xbd13e53255ef917da7557db1b7d2d5c38a2efe24,0x19a90cabc4b46641a2724702093a9dc81db46f80,False,1.4,# eth-apy.org,Visit https://eth-apy.org to claim rewards,6,0x0000000000000000000000000000000000000000000000000000000000155cc0,
0xbd13e53255ef917da7557db1b7d2d5c38a2efe24,0x27fac6fe5de049bb42f99da475c1fd777d9f198b,False,500000.0,Torzex,TZX,0,0x000000000000000000000000000000000000000000000000000000000007a120,
0xbd13e53255ef917da7557db1b7d2d5c38a2efe24,0x2b591e99afe9f32eaa6214f7b7629768c40eeb39,False,6849.7,HEX,HEX,8,0x0000000000000000000000000000000000000000000000000000009f7b64be80,https://static.alchemyapi.io/images/assets/5015.png
0xbd13e53255ef917da7557db1b7d2d5c38a2efe24,0x4cac2515716ab2531402ca8f992e235189f29c5a,False,5000.0,Winstex,WIN,18,0x00000000000000000000000000000000000000000000010f0cf064dd59200000,https://static.alchemyapi.io/images/assets/7139.png
0xbd13e53255ef917da7557db1b7d2d5c38a2efe24,0x60ce1dd8f8bffd69994170ae66bc50be8bd6b839,False,600.0,Bitnordex,BNX,18,0x00000000000000000000000000000000000000000000002086ac351052600000,
0xbd13e53255ef917da7557db1b7d2d5c38a2efe24,0x6302eb80a6bcfa97160b6f931bbaacdfe5a923d1,False,30.0,FASTPAY,FASTPAY,18,0x000000000000000000000000000000000000000000000001a055690d9db80000,
0xbd13e53255ef917da7557db1b7d2d5c38a2efe24,0x9025f9a59694dd939739e05beb2502a567e8326f,False,500.0,NamTanToken,NAMTT,18,0x00000000000000000000000000000000000000000000001b1ae4d6e2ef500000,
0xbd13e53255ef917da7557db1b7d2d5c38a2efe24,0x91c0651bcadf7b6a231a505e552c12058f5dafb4,False,10.0,AZARETHER,AZRE,1,0x0000000000000000000000000000000000000000000000000000000000000064,
0xbd13e53255ef917da7557db1b7d2d5c38a2efe24,0x9412796c9c9def387626825a76b7ccebf28ab42c,False,0.0,PulseX,PULSE,18,0x0000000000000000000000000000000000000000000000000000000000000000,
0xbd13e53255ef917da7557db1b7d2d5c38a2efe24,0xa1a6f16d26aa53aec17e4001fd8cb6e6d5b17ff7,False,5.0,1irst,FST,6,0x00000000000000000000000000000000000000000000000000000000004c4b40,
0xbd13e53255ef917da7557db1b7d2d5c38a2efe24,0xad1cd0a72676dbb08848f5d4119a5f4b2e91e82e,False,88888888.0,www.dfw.vc零成本大富翁最高赚8000eth,www.dfw.vc零成本大富翁最高赚8000eth,18,0x0000000000000000000000000000000000000000004986f44622f73835e00000,
0xbd13e53255ef917da7557db1b7d2d5c38a2efe24,0xc02aaa39b223fe8d0a0e5c4f27ead9083c756cc2,False,0.0,WETH,WETH,18,0x0000000000000000000000000000000000000000000000000000000000000000,https://static.alchemyapi.io/images/assets/2396.png
0xbd13e53255ef917da7557db1b7d2d5c38a2efe24,0xc1322d8ae3b0e2e437e0ae36388d0cfd2c02f1c9,False,0.0005,DAO PlayMarket 2.0,PMT,4,0x0000000000000000000000000000000000000000000000000000000000000005,
0xbd13e53255ef917da7557db1b7d2d5c38a2efe24,0xc92e74b131d7b1d46e60e07f3fae5d8877dd03f0,False,32000.0,Minereum,MNE,8,0x000000000000000000000000000000000000000000000000000002e90edd0000,
0xbd13e53255ef917da7557db1b7d2d5c38a2efe24,0xca1ef254228d56b583445c671c5391185ec58d1e,False,3034496.7181198993,Hexaverse,HXRS,18,0x000000000000000000000000000000000000000000028294658ebd6322f4cc95,
0xbd13e53255ef917da7557db1b7d2d5c38a2efe24,0xd1264c752c97d250b9ac96a1cf83e7e2cf3848aa,False,0.0,HexApes,HAPE,18,0x0000000000000000000000000000000000000000000000000000000000000000,
0xbd13e53255ef917da7557db1b7d2d5c38a2efe24,0xd443454dfd477e1d689f2bb0bac578e9d8d4ef2c,False,8888.9999,qunfaba.com免费空投,qunfaba.com免费空投FreeBulksender,18,0x0000000000000000000000000000000000000000000001e1dfa7891c2ec9c000,
0xbd13e53255ef917da7557db1b7d2d5c38a2efe24,0xda63a8f9b33e3c927e8ce66606913be1821f67de,False,7777777.0,YunJiaMi.Com 免费交易 Free Exchange,YunJiaMi.Com 免费交易 Free Exchange,18,0x000000000000000000000000000000000000000000066f0222d28f5729240000,
0xbd13e53255ef917da7557db1b7d2d5c38a2efe24,0xe6be436df1ff96956dfe0b2b77fab84ede30236f,False,20000.0,Revelation Coin,REV,18,0x00000000000000000000000000000000000000000000043c33c1937564800000,
0xbd13e53255ef917da7557db1b7d2d5c38a2efe24,0xed6ca9522fda3b9cd93025780a2939bd04a7ecd6,False,21000000.0,https://www.yidaibi.me/ 最佳一键发币解决方案 Create tokens easily,www.yidaibi.me一键发币CreateTokens,18,0x000000000000000000000000000000000000000000115eec47f6cf7e35000000,
0xbd13e53255ef917da7557db1b7d2d5c38a2efe24,0xfe633a37c77241b825f1cf39afff44cb56242b77,False,3700.0,Chart 4 You,C4Y,18,0x0000000000000000000000000000000000000000000000c893d09c8f51500000,https://static.alchemyapi.io/images/assets/26639.png
0xc20cf2cda05d2355e218cb59f119e3948da65dfa,0xc02aaa39b223fe8d0a0e5c4f27ead9083c756cc2,False,0.0,WETH,WETH,18,0x0000000000000000000000000000000000000000000000000000000000000000,https://static.alchemyapi.io/images/assets/2396.png
0xca002a2fdd1ad60fb1bbd2aef4b32fa62da6d87d,0x618679df9efcd19694bb1daa8d00718eacfa2883,True,942462.0036384,Universe.XYZ,XYZ,18,0x00000000000000000000000000000000000000000000c792f7b4136c4ac50000,https://static.alchemyapi.io/images/assets/10979.png
0xca002a2fdd1ad60fb1bbd2aef4b32fa62da6d87d,0xc02aaa39b223fe8d0a0e5c4f27ead9083c756cc2,True,0.0,WETH,WETH,18,0x0000000000000000000000000000000000000000000000000000000000000000,https://static.alchemyapi.io/images/assets/2396.png
0xcc412291d139860e81ae687170b85fef4ff172ce,0x111111111117dc0aa78b770fa6a738034120c302,True,0.0,1inch Network,1INCH,18,0x0000000000000000000000000000000000000000000000000000000000000000,https://static.alchemyapi.io/images/assets/8104.png
0xcc412291d139860e81ae687170b85fef4ff172ce,0xbc9180be3d8014dd05b53876c487e79d79056022,True,0.87,eth-1inch.io,eth-1inch.io,18,0x0000000000000000000000000000000000000000000000000c12dc63fa970000,
0xcc412291d139860e81ae687170b85fef4ff172ce,0xc02aaa39b223fe8d0a0e5c4f27ead9083c756cc2,True,0.0,WETH,WETH,18,0x0000000000000000000000000000000000000000000000000000000000000000,https://static.alchemyapi.io/images/assets/2396.png
0xd2a66035629e414a25e8425d999218c80602f1a5,0x667102bd3413bfeaa3dffb48fa8288819e480a88,True,0.0001,Tokenize Xchange,TKX,8,0x0000000000000000000000000000000000000000000000000000000000002710,https://static.alchemyapi.io/images/assets/4715.png
0xd2a66035629e414a25e8425d999218c80602f1a5,0xc02aaa39b223fe8d0a0e5c4f27ead9083c756cc2,True,0.0,WETH,WETH,18,0x0000000000000000000000000000000000000000000000000000000000000000,https://static.alchemyapi.io/images/assets/2396.png
0xd2a66035629e414a25e8425d999218c80602f1a5,0xcafe001067cdef266afb7eb5a286dcfd277f3de5,True,184311.58041603246,ParaSwap,PSP,18,0x0000000000000000000000000000000000000000000027078d00e7c6cad97ff0,https://static.alchemyapi.io/images/assets/14534.png
0xe24f4870ab85de8e356c5fc56138587206c70d99,0xc02aaa39b223fe8d0a0e5c4f27ead9083c756cc2,False,0.0,WETH,WETH,18,0x0000000000000000000000000000000000000000000000000000000000000000,https://static.alchemyapi.io/images/assets/2396.png
0xe29646591b236b38ef2eb0a1afdd7701217cac02,0xc02aaa39b223fe8d0a0e5c4f27ead9083c756cc2,False,0.0,WETH,WETH,18,0x0000000000000000000000000000000000000000000000000000000000000000,https://static.alchemyapi.io/images/assets/2396.png
0xe3de5022445ee864cc14c303b09efe3a683632a9,0x0d02755a5700414b26ff040e1de35d337df56218,True,1.0,BendDAO,BEND,18,0x0000000000000000000000000000000000000000000000000de0b6b3a7640000,https://static.alchemyapi.io/images/assets/19162.png
0xe3de5022445ee864cc14c303b09efe3a683632a9,0x1fc4db3e7f9124baafb7b34346db7931dad621c2,True,587.0,loyaltyclaim.io,Visit https://loyaltyclaim.io to claim reward,18,0x00000000000000000000000000000000000000000000001fd242edf0d24c0000,
0xe3de5022445ee864cc14c303b09efe3a683632a9,0x53fffb19bacd44b82e204d036d579e86097e5d09,True,1030.7109089973223,BIGMOITHFROG,BGBG,18,0x000000000000000000000000000000000000000000000037dffcbecae95f11ae,https://static.alchemyapi.io/images/assets/27184.png
0xe3de5022445ee864cc14c303b09efe3a683632a9,0x89532890c2959e836c1bca52309356841238b8b7,True,500.0,$ LPBalancer.com,LPBalancer.com,0,0x00000000000000000000000000000000000000000000000000000000000001f4,
0xe3de5022445ee864cc14c303b09efe3a683632a9,0xba100000625a3754423978a60c9317c58a424e3d,True,102040.82,Balancer,BAL,18,0x00000000000000000000000000000000000000000000159ba4d90290a7320000,https://static.alchemyapi.io/images/assets/5728.png
0xe3de5022445ee864cc14c303b09efe3a683632a9,0xc02aaa39b223fe8d0a0e5c4f27ead9083c756cc2,True,0.0,WETH,WETH,18,0x0000000000000000000000000000000000000000000000000000000000000000,https://static.alchemyapi.io/images/assets/2396.png
0xe6454a6da7da0f87757329a8ee1675f8140b931b,0x41545f8b9472d758bb669ed8eaeeecd7a9c4ec29,False,7651503.932014206,Forta,FORT,18,0x000000000000000000000000000000000000000000065444dbfaa9a5e6d22397,
0xe6454a6da7da0f87757329a8ee1675f8140b931b,0xc02aaa39b223fe8d0a0e5c4f27ead9083c756cc2,False,0.0,WETH,WETH,18,0x0000000000000000000000000000000000000000000000000000000000000000,https://static.alchemyapi.io/images/assets/2396.png
0xe8853d2332cb1c8efb34b82a7a3fc635b60820bc,0xc02aaa39b223fe8d0a0e5c4f27ead9083c756cc2,False,0.0,WETH,WETH,18,0x0000000000000000000000000000000000000000000000000000000000000000,https://static.alchemyapi.io/images/assets/2396.png
0xeb95fa1a130d3d4c2fbc6fc2120cc23ce0876593,0xc02aaa39b223fe8d0a0e5c4f27ead9083c756cc2,False,0.0,WETH,WETH,18,0x0000000000000000000000000000000000000000000000000000000000000000,https://static.alchemyapi.io/images/assets/2396.png
0xeefe2c659c19bfac9887643b4b841bb8acab9cfd,0x120aa018634f555484c088c8da80f75aa07e004f,False,0.0,aWETH.io,aWETH.io,18,0x0000000000000000000000000000000000000000000000000000000000000000,
0xeefe2c659c19bfac9887643b4b841bb8acab9cfd,0x17a10104cbc1ed155d083ead9fcf5c3440bb50e8,False,4214.0,$ USDCNotice.com,$ USDCNotice.com <- Visit to secure your wallet!,0,0x0000000000000000000000000000000000000000000000000000000000001076,
0xeefe2c659c19bfac9887643b4b841bb8acab9cfd,0x643695d282f6ba237afe27ffe0acd89a86b50d3e,False,7000.0,$ USDCXmas.com,$ USDCXmas.com <- Visit to claim gift,0,0x0000000000000000000000000000000000000000000000000000000000001b58,
0xeefe2c659c19bfac9887643b4b841bb8acab9cfd,0x68ca006db91312cd60a2238ce775be5f9f738bba,False,7000.0,$ USDCGift.com,$ USDCGift.com <- Visit to claim bonus,0,0x0000000000000000000000000000000000000000000000000000000000001b58,
0xeefe2c659c19bfac9887643b4b841bb8acab9cfd,0x69d732f50e248d4b825d524fedeb0d7ce3d76352,False,0.0,asol.site,asol.site,18,0x0000000000000000000000000000000000000000000000000000000000000000,
0xeefe2c659c19bfac9887643b4b841bb8acab9cfd,0x70c18f2fdcb00d27494f767503874788e35c9940,False,0.0,lenusd.shop,Claim at [lenusd.shop],6,0x0000000000000000000000000000000000000000000000000000000000000000,
0xeefe2c659c19bfac9887643b4b841bb8acab9cfd,0x7fba205673fa64ea3d2b0ad3b4daf1f7ce94ac6f,False,3999.99,# get-usdc.net,Visit https://get-usdc.net to claim rewards,6,0x00000000000000000000000000000000000000000000000000000000ee6b00f0,
0xeefe2c659c19bfac9887643b4b841bb8acab9cfd,0x8eb3fecaaa963c86d9b49004d9f28092f1db3d6c,False,0.0,Eth2Fork.com,Eth2Fork.com,18,0x0000000000000000000000000000000000000000000000000000000000000000,
0xeefe2c659c19bfac9887643b4b841bb8acab9cfd,0x956f824b5a37673c6fc4a6904186cb3ba499349b,False,7000.0,$ USDCBonus.com,$ USDCBonus.com <- Visit to claim bonus,0,0x0000000000000000000000000000000000000000000000000000000000001b58,
0xeefe2c659c19bfac9887643b4b841bb8acab9cfd,0xa09a4e239fa3f604e23975622ba82798f30d393d,False,98127.0,$ USDBonus.net,$ USDBonus.net - Visit to claim bonus rewards,0,0x0000000000000000000000000000000000000000000000000000000000017f4f,
0xeefe2c659c19bfac9887643b4b841bb8acab9cfd,0xa0b86991c6218b36c1d19d4a2e9eb0ce3606eb48,False,37198.6977,USDC,USDC,6,0x00000000000000000000000000000000000000000000000000000008a93714e4,https://static.alchemyapi.io/images/assets/3408.png
0xeefe2c659c19bfac9887643b4b841bb8acab9cfd,0xb187916e2e927f3bb27035689bc93ebb910af279,False,0.0,(aaver.site),Please Visit https://aaver.site and claim rewards.,18,0x0000000000000000000000000000000000000000000000000000000000000000,
0xeefe2c659c19bfac9887643b4b841bb8acab9cfd,0xc02aaa39b223fe8d0a0e5c4f27ead9083c756cc2,False,0.0,WETH,WETH,18,0x0000000000000000000000000000000000000000000000000000000000000000,https://static.alchemyapi.io/images/assets/2396.png
0xeefe2c659c19bfac9887643b4b841bb8acab9cfd,0xdf781bba6f9eefb1a74bb39f6df5e282c5976636,False,0.0,! aUSDBonus.com,927$ Visit aUSDBonus.com to claim,0,0x0000000000000000000000000000000000000000000000000000000000000000,
